word,sentence,sense,llm_annotation
ಅಡಿ,ಸದ್ಯ ಮಿರ್ಲೆ ವರದರಾಜ್ನನ್ನು ಲ್ಯಾಂಡ್ ಗ್ರಾಬಿಂಗ್ ಆ್ಯಕ್ಟ್ ಅಡಿ ಸಿಸಿಬಿ ಅಧಿಕಾರಿಗಳು ಬಂಧಿಸಿದ್ದಾರೆ.,1,1
ಅಡಿ,ಯುನೈಟೆಡ್ ಸ್ಟೇಟ್ಸ್‌ನ ಹೊರಗೆ ಬಹುತೇಕ ದೇಶಗಳಲ್ಲಿ ಮತ್ತು ಎಫ್‌ಐಬಿಎ ಸ್ಫರ್ಧೆಗಳಲ್ಲಿ ಪ್ರಸ್ತುತ ಉಪಯೋಗಿಸಲಾಗುತ್ತಿದ್ದ ಅಂತರರಾಷ್ಟ್ರೀಯ ಅಂತರವು 20.5 ಅಡಿ (6.25 ಮೀ).,2,2
ಅಡಿ,ಮನೆಯ ಹಾಲ್‍ನ ಒಳಗೆ ಸಿಕ್ಕಿತು ವಿಗ್ರಹ- ಭೂಮಿ ಅಗೆದಾಗ 6 ಅಡಿ ಕೆಳಗೆ ಸಿಕ್ಕಿತು ಸಾವಿರ ವರ್ಷದ ಹಿಂದಿನ ಬಿಂಬ,2,2
ಅಡಿ,ಪರ್ವತದ ಒಳಗೆಯೇ ಸುಮಾರು 460 ಅಡಿ ಎತ್ತರದಿಂದ ಈ ಜಲಪಾತ ಧುಮ್ಮಿಕ್ಕುತ್ತದೆ.,2,2
ಅಡಿ,ಗೂಡ್ಸ್ ರೈಲಿನ ಅಡಿ ಮಲಗಿ ಪ್ರಾಣ ಉಳಿಸಿಕೊಂಡ- ವೈರಲ್ ವಿಡಿಯೋ ನೋಡಿ,1,1
ಅಡಿ,ಗದಗಿನ ಭೀಷ್ಮ ಕೆರೆಯ ಮಧ್ಯದಲ್ಲಿ 116 ಅಡಿ ಎತ್ತರದಲ್ಲಿ ರಾರಾಜಿಸುತ್ತಿದೆ..,2,2
ಅಡಿ,ಪ್ರಸಿದ್ಧವಾದ ಲಿಮ್ಕ ದಾಖಲೆ ಪುಸ್ತಕದಲ್ಲಿ ಭಾರತದಲ್ಲೇ ಅತ್ಯಂತ ಎತ್ತರದ ಮರದ ಬಾಗಿಲೆಂದು ಹೇಳಲಾದ 37 ಅಡಿ ಎತ್ತರದ ಬಾಗಿಲಿನ ಮೂಲಕ ಪ್ರವೇಶಿಸಿ ಈ ಕೋಟೆಯೊಳಗೆ ಇಂದಿನದರೊಂದಿಗೆ ಮಿಶ್ರಗೊಂಡ ಹಿಂದಿನದರ ಹಿತವಾದ ಲವಲವಿಕೆಯುಳ್ಳ ಕುರುಹುಗಳನ್ನು ಕಾಣಬಹುದು.,2,2
ಅಡಿ,"ವಿರಾಜಪೇಟೆ ತಾಲೋಕು ಮಾಯಮುಡಿ ಗ್ರಾಮದಲ್ಲಿ ಎನ್.ಹೆಚ್.ನಾಸರ್‌ ಎಂಬವರ ಕಾಫಿ ತೋಟದಲ್ಲಿ ಅಂದಾಜು 45-50 ವರ್ಷದ ಒಂದು ಕಾಡಾನೆ ವಿದ್ಯುತ್‌ ಸ್ಪರ್ಶದಿಂದ ಮೃತಪಟ್ಟಿದ್ದು, ಸದರಿ ತೋಟದಲ್ಲಿ ಸುಮಾರು 12 ಅಡಿ ಎತ್ತರದಲ್ಲಿ ಹಾದು ಹೋದ ವಿದ್ಯುತ್‌ ತಂತಿಗೆ ಸ್ಪರ್ಷಗೊಂಡ ಆನೆ ಸಾವನಪ್ಪಿರುವುದು ಕಂಡು ಬಂದಿದ್ದು ಗೋಣಿಕೊಪ್ಪ ಪೊಲೀಸ್‌ ಠಾಣೆಯಲ್ಲಿ ಪ್ರಕರಣ ದಾಖಲಿಸಿದ ಪೊಲೀಸರು ತನಿಖೆ ಕೈಗೊಂಡಿರುತ್ತಾರೆ.",2,2
ಅಡಿ,ಸುಮಾರು 950 ಅಡಿ,2,2
ಅಡಿ,ಬದರಿನಾಥ ದೇವಾಲಯ ಸಮುದ್ರ ಮಟ್ಟದಿಂದ ಹನ್ನೆರಡು ಸಾವಿರ ಅಡಿ ಎತ್ತರದಲ್ಲಿದೆ.,2,2
ಅಡಿ,ಮಹದಾಯಿ ನದಿಯಲ್ಲಿ ಹರಿಯುವ ಒಟ್ಟು ಸರಾಸರಿ 200 ಟಿಎಂಸಿ ಅಡಿ ನೀರಿನಲ್ಲಿ ಕರ್ನಾಟಕದಿಂದ ಸರಾಸರಿ 45 ಟಿಎಂಸಿ ಅಡಿ ನೀರು ಸೇರ್ಪಡೆಯಾಗುತ್ತದೆ.,2,2
ಅಡಿ,"ಐಪಿಸಿ ಸೆಕ್ಷೆನ್ 376(ಅತ್ಯಾಚಾರ), 506(ಬೆದರಿಕೆ), 341(ಅಕ್ರಮವಾಗಿ ಕೂಡಿ ಹಾಕುವುದು), 34 (ನಿರ್ದಿಷ್ಟ ಉದ್ದೇಶದ ಅಪರಾಧ) ಅಡಿ ಪ್ರಕರಣ ದಾಖಲಾಗಿತ್ತು.",1,1
ಅಡಿ,ಇಲ್ಲಿಗೆ ಹತ್ತಿರದಲ್ಲಿ ಸತುರಗಿರಿ ಬೆಟ್ಟವಿದೆ.ಇಲ್ಲಿ ಸಿದ್ಧ ದೇವರ ನಿವಾಸಸ್ಥಾನ ಕಾಣಬಹುದು.ಮಾಧವ ವಿಲಗಂ ವಿಧ್ಯಾನಾಥ ದೇವಸ್ಥಾನದಲ್ಲಿ ಆರು ಅಡಿ ಎತ್ತರದ ನಾಗರಾಜ ಚಿತ್ರಣವಿದೆ.ಈ ದೇವಸ್ಥಾನವು ಇದರದೇ ಆದ ಇತಿಹಾಸವನ್ನು ಹೊಂದಿದೆ.ಶ್ರೀವಿಲ್ಲಿಪುತೂರ್ ನಿಂದ 9 ಕಿ ಮೀ ಅಂತರದಲ್ಲಿ ಕೊತ್ತಳಗರ್ ಇರುವ ಕೊತ್ತಳಗರ್ ದೇವ ದೇವಾಲಯವಿದೆ.ಈ ದೇವಸ್ಥಾನ ಮಂತುಗ ಬೆಟ್ಟದಲ್ಲಿದೆ.ಈ ಸ್ಥಳದಲ್ಲಿ ವರ್ಷಪೂರ್ತಿ ತೀರ್ಥ ನೀರು ಹರಿಯುತ್ತಿರುತ್ತದೆ.,2,2
ಅಡಿ,ಒಂದ್ ಅಡಿ ಬಾಳೇದಿಂಡಿಂದ 3 ವೋಲ್ಟ್ ವಿದ್ಯುತ್ ತಯಾರಾಗುತ್ತೆ.,2,2
ಅಡಿ,ಕಲಂ : ೩೦೨ ರ ಅಡಿ ಕೊಲೆ ಅಪರಾಧಕ್ಕಾಗಿ ಜೀವಾವಧಿ ಶಿಕ್ಷೆ ವಿಧಿಸಿದ್ದಾರೆ.,1,1
ಅಡಿ,6.5 ಅಡಿ ಭೂಮಿ ಸಮಕಾರಕ 8 ಅಡಿ ಭೂಮಿ ಸಮಕಾರಕ,2,2
ಅಡಿ,"ಬೈಕೆಕುಪ್ಪೆ ಪೊಲೀಸ್ ಠಾಣೆಯಲ್ಲಿ ಐಪಿಸಿಯ 370ನೇ (ಮಾನವ ಕಳ್ಳಸಾಗಣೆ) ಮತ್ತು ಜೀತಕಾರ್ಮಿಕ ನಿರ್ಮೂಲನಾ ಕಾಯ್ದೆಯ ಸೆಕ್ಷನ್ 16, 17, ಮತ್ತು 18 ಅಡಿ ಈ ಪ್ರಕರಣ ದಾಖಲು ಮಾಡಲಾಗಿದೆ.",1,1
ಅಡಿ,ಅಲ್ಲಿಯ ರಾಮಮಂದಿರದ ಆವರಣದಲ್ಲಿ ಸುಮಾರು ೫೫ ಅಡಿ ಎತ್ತರದ ತಂಬೂರಿಯಾಕಾರದಲ್ಲಿರುವ ಸಪ್ತಸ್ವರ ದೇವತಾ ಧ್ಯಾನಮಂದಿರವನ್ನು ೨೦೦೮ರಲ್ಲಿ ಆರ್.ಕೆ.,2,2
ಅಡಿ,ಮರದ ಎತ್ತರ ೧೩೦ ಅಡಿ ಇದ್ದು ಗಗನ ಚುಂಬಿಯಾಗಿದೆ!!,2,2
ಅಡಿ,"ಗೋ ಗ್ರೀನ್ ಗ್ಲೋ ಗ್ರೀನ್ ವಾಹನದ ರೂಫ್ ಟಾಪ್ ಮೇಲೆಯೇ ಸುಧಾರಿತ ಮಾದರಿಯ ಮೊನೊ ಕ್ರ್ಟಿಷ್ಟಲಿನ್ ಸಿಲಿಕಾನ್ ಸೋಲಾರ್ ಪ್ಯಾನಲ್ ಬಳಕೆ ಮಾಡಿದ್ದು, ಇದು 5 ಅಡಿ ಉದ್ದ, 3 ಅಡಿ ಅಗಲ ವಿಸ್ತಾರವಾಗಿದೆ.",2,2
ಅಡಿ,ಗದಗಿನ ಭೀಷ್ಮ ಕೆರೆಯ ಮಧ್ಯದಲ್ಲಿ 116 ಅಡಿ ಎತ್ತರದಲ್ಲಿ ರಾರಾಜಿಸುತ್ತಿದೆ..,2,2
ಅಡಿ,"ಆರೆಂಟು ಅಡಿ ಜಾಗದಲ್ಲಿ 25–30 ಪುಟಾಣಿಗಳು ಕುಳಿತುಕೊಳ್ಳಬೇಕು, ಅಲ್ಲೇ ಮಕ್ಕಳ ಆಹಾರ ಸಿದ್ಧಪಡಿಸಬೇಕು, ಗರ್ಭಿಣಿಯರು, ಕಿಶೋರಿಯರಿಗೆ ನೀಡುವ ಆಹಾರ ಸಾಮಗ್ರಿಗಳನ್ನು ಇಷ್ಟೇ ಜಾಗದಲ್ಲಿ ಸಂಗ್ರಹಿಸಿಟ್ಟುಕೊಳ್ಳಬೇಕು.",2,2
ಅಡಿ,ಅಡಿ ಟಿಪ್ಪಣಿ:,1,1
ಅಡಿ,"1,200 ಅಡಿ ಎತ್ತರವಿರುವ ಮಧುಗಿರಿ ಬೆಟ್ಟವನ್ನು 15 ಕಾಲೇಜುಗಳ 1,853 ವಿದ್ಯಾರ್ಥಿಗಳು ಏಕಕಾಲಕ್ಕೆ ಹತ್ತಿ ‘ಇಂಡಿಯಾ ಬುಕ್ ಆಫ್ ರೆಕಾರ್ಡ್’ಗೆ ಸೇರ್ಪಡೆಯಾಗಿದ್ದಾರೆ.",2,2
ಅಡಿ,ಕಣ್ಮಣಿ ಪಾರಿಜಾತಟೆಲಿ ಎಂಟರ್‌ಟ್ರೆನರ್‍ಸ್ ಬ್ಯಾನರ್ ಅಡಿ ನಿರ್ಮಾಣವಾಗುತ್ತಿದೆ.,1,1
ಅಡಿ,ದೇಶದ ಹೆಮ್ಮೆಯ 75 ರೈಲ್ವೆ ನಿಲ್ದಾಣಗಳಲ್ಲಿ 100 ಅಡಿ ಎತ್ತರದಲ್ಲಿ ಬೃಹತ್‌ ತ್ರಿವರ್ಣ ಧ್ವಜ,2,2
ಅಡಿ,ಈ ತಜ್ಞರ ಸಮಿತಿಯು ಯುನಿವರ್ಸಿಟಿ ಗ್ರಾಂಟ್ ಕಮಿಷನ್ (ಯುಜಿಸಿ) ಅಡಿ ಕಾರ್ಯನಿರ್ವಹಿಸಲಿದೆ.,1,1
ಅಡಿ,ಸೊಸೈಟಿ ಕಾಯ್ದೆ ಅಡಿ ಈ ಒಕ್ಕೂಟ ನೋಂದಣಿಯಾಗಿದೆ.,1,1
ಅಡಿ,ಹದಿನೈದರಿಂದ ಹದಿನೆಂಟು ವರ್ಷದೊಳಗಿನ ಪತ್ನಿಯೊಂದಿಗೆ ಲೈಂಗಿಕ ಸಂಪರ್ಕ ಹೊಂದಿದರೆ ಐಪಿಸಿ ಅಡಿ ಶಿಕ್ಷಾರ್ಹ ಅಪರಾಧವಾಗುತ್ತದೆ.,1,1
ಅಡಿ,ಇಲ್ಲಿನ ೪೦*೬೦ ಅಡಿ (೨೪೦೦ ಚದರ ಅಡಿ ಅಥವಾ ೨೨೩ ಚದರ ಮೀಟರ್) ಪ್ರದೇಶದಲ್ಲಿ ಏನಿಲ್ಲವೆಂದರೂ ೨ ಲಕ್ಷದ ೨೩ ಸಾವಿರ ಲೀಟರ್ ನೀರನ್ನು ಸಂಗ್ರಹಿಸಬಹುದು.,1,2
ಅಡಿ,ಕಾಂಗ್ರೆಸ್‌ ಮುಖಂಡರಾದ ಮಲ್ಲಿಕಾರ್ಜುನ ಖರ್ಗೆ ಹಾಗೂ ಗುಲಾಮ್‌ ನಬಿ ಆಜಾದ್‌ ಅವರು ನಿಯಮ 193ರ ಅಡಿ ಚರ್ಚೆಗೆ ಸಿದ್ಧ ಎಂದು ಮೊದಲು ತಿಳಿಸಿದ್ದರು.,1,1
ಅಡಿ,ಭೂಮಿಯಿಂದ ಸುಮಾರು ಎರಡೂವರೆ ಸಾವಿರ ಅಡಿ ಎತ್ತರದಲ್ಲಿತ್ತು.,2,2
ಅಡಿ,ಮಹದಾಯಿ ನದಿ ಹಾಗೂ ಕಳಸಾ– ಬಂಡೂರಿ ನಾಲೆಗಳಿಂದ ಮಲಪ್ರಭಾ ನದಿಗೆ 7.56 ಟಿಎಂಸಿ ಅಡಿ ನೀರನ್ನು ತಿರುಗಿಸುವ ಮೂಲಕ ನೀರಾವರಿಗೆ ಬಳಸಿಕೊಳ್ಳುವುದು ಕರ್ನಾಟಕದ ಸಂಚು.,2,2
ಅಡಿ,ತಮ್ಮ ಗ್ಹೆಂಟ್ ಗುರುಗಳದ್ದು ಐನೂರಾತೊಂಬತ್ತೇಳು ಅಡಿ ಎತ್ತರದ ಲದ್ದಿ.,2,2
ಅಡಿ,ಕೆಐಎಎಲ್‌ ಬಳಿ 12 ಸಾವಿರ ಚದರ ಅಡಿ ಜಾಗ ಅಗತ್ಯವಿದೆ.,2,2
ಅಡಿ,"ಇವರು 2016 ಮಾರ್ಚ್‌ 23ರಂದು ಆರ್‌.ಪ್ರಭಾಕರ್‌ ಎಂಬವರಿಗೆ ಸೇರಿದ ಮೆದೆಹಳ್ಳಿ ಗ್ರಾಮದ ಜಮೀನಿನ ಪಂಪ್‌ಹೌಸ್‌ ಬೀಗ ಮುರಿದು, 10 ಅಡಿ ಉದ್ದದ, 2 ಇಂಚು ಸುತ್ತಳತೆಯ 2 ಕಬ್ಬಿಣದ ಹಳೆ ಪೈಪ್‌ ಕಳ್ಳತನ ಮಾಡಿಕೊಂಡು ಹೋಗುವಾಗ ಸಾರ್ವಜನಿಕರಿಗೆ ಸಿಕ್ಕಿಬಿದ್ದಿದ್ದರು.",2,2
ಅಡಿ,"ಹೀಗಾಗಿ ಸ್ವಂತ ಕಟ್ಟಡ ಇಲ್ಲದ ಅನೇಕ ಅಂಗನವಾಡಿಗಳು ಚಿಕ್ಕ ಜೋಪಡಿ, ಮನೆಯ ಜಗುಲಿ, ಅಂಗಡಿಗೆಂದು ನಿರ್ಮಿಸಿರುವ ಎಂಟು ಅಡಿ ವಿಸ್ತೀರ್ಣದ ಜಾಗಗಳಲ್ಲಿ ನಡೆಯುತ್ತಿವೆ.",2,2
ಅಡಿ,ನಗರದ ಮುಖ್ಯ ಭಾಗದಲ್ಲಿರುವ ಇದಕ್ಕೆ ೩೫ ಅಡಿ ಎತ್ತರದ ಭವ್ಯ ಕಮಾನು ಸ್ವಾಗತ ಕೋರುತ್ತದೆ.,2,2
ಅಡಿ,ಬೋರ್ ವೆಲ್ ಗೆ ಬಿದ್ದಿದ್ದ ಬಾಲಕ 30 ರಿಂದ 35 ಅಡಿ ಆಳದಲ್ಲಿ ಸಿಕ್ಕಿ ಬಿದ್ದಿದ್ದ.,2,2
ಅಡಿ,ಇಂತಹ ಪರಿಸ್ಥಿತಿಯಲ್ಲಿ ಸುಪ್ರೀಂಕೋರ್ಟ್ ಆದೇಶ ಪಾಲಿಸಿದರೆ ಐದು ಟಿಎಂಸಿ ಅಡಿ ನೀರು ಹರಿಯುತ್ತದೆ.,2,2
ಅಡಿ,ಸುಮಾರು ಏಳು ಸಾವಿರ ಬಾಳೆಹಣ್ಣಿನಿಂದ ತಯಾರಾಗಿರುವ 10 ಅಡಿ ಎತ್ತರದ ಗಣೇಶ Read more…,2,2
ಅಡಿ,ಸಾವಿರ ಅಡಿ ಉದ್ದದ ರನ್‌ವೇ ಇರುವ ಇಲ್ಲಿ ಎಂಥ ಬೃಹತ್ ಜಂಬೊ ಜೆಟ್ ವಿಮಾನವಾದರೂ ಇಳಿಯಬಹುದು.,2,2
ಅಡಿ,ಜೊತೆಗೆ ಒಂದೆಡೆ ಮಾಡುವ ಸಣ್ಣ ಸದ್ದು ಈ ಗ್ಯಾಲರಿಯ ಯಾವುದೇ ಭಾಗದಲ್ಲಿ ಅಂದರೆ ೧೨೫ ಅಡಿ ದೂರದಲ್ಲಿ ಸ್ಪಷ್ಟವಾಗಿ ಕೇಳುತ್ತದೆ.,2,2
ಅಡಿ,ನಿದ್ದೆ ಸಂದರ್ಭದಲ್ಲಿ ನಮ್ಮನ್ನು ಮೊಬೈಲ್‌ ಅನ್ನು ಕನಿಷ್ಠ 3 ಅಡಿ ಅಂತರವಿಟ್ಟು ಮಲಗುವುದು ಒಳ್ಳೆಯದು.,2,2
ಅಡಿ,(ಕರ್ನಾಟಕ ವಾರ್ತೆ): ಕೊಪ್ಪಳ ಯುವ ಸಬಲೀಕರಣ ಮತ್ತು ಕ್ರೀಡಾ ಇಲಾಖೆ ವತಿಯಿಂದ ಪ್ರಸಕ್ತ ಸಾಲಿನಲ್ಲಿ ಮುಂಬರುವ ವರ್ಷಗಳಲ್ಲಿ ಅಂತರರಾಷ್ಟ್ರೀಯ ಮಟ್ಟದಲ್ಲಿ ಗಣನೀಯ ಸಾಧನೆ ದಾಖಲಿಸುವ ಸಾಧ್ಯತೆ ಇರುವ ಕ್ರೀಡಾ ಪಟುಗಳಿಂದ ಕರ್ನಾಟಕ ಸ್ಪೋಟ್ರ್ಸ್ ಅಕಾಡೆಮಿ ಫಾರೆಕ್ಸ್‍ಲೆನ್ಸ್ ಯೋಜನೆ ಅಡಿ ಅರ್ಜಿ ಆಹ್ವಾನಿಸಲಾಗಿದೆ.,1,1
ಅಡಿ,"ಸಮುದ್ರ ಮಟ್ಟದಿಂದ ಸುಮಾರು 14,000 ಅಡಿ ಎತ್ತರದಲ್ಲಿರುವ ಪ್ರವಾಸಿ ಸ್ಥಳ `ಸೆಲಾ ಪಾಸ್’ ಹೆಸರು ಸೆಲಾಳ ನೆನಪಿನಲ್ಲಿ ಅಲ್ಲ ಎನ್ನುತ್ತಾರೆ.",2,2
ಅಡಿ,"ಸ್ವಚ್ಛತೆಯೇ ದೇವರು ಎಂದು ಟ್ವೀಟರ್‍ನಲ್ಲಿ ಬಣ್ಣಿಸಿರುವ 66 ವರ್ಷದ ತಲೈವಾ, ಸ್ವಚ್ಛ ಭಾರತ್ ಅಭಿಯಾನದ ಅಡಿ ಕೈಗೊಂಡಿರುವ ಈ ಯೋಜನೆಗೆ ಸಂಪೂರ್ಣ ಬೆಂಬಲ ನೀಡುವುದಾಗಿ ಹೇಳಿದ್ದಾರೆ.",1,1
ಅಡಿ,ಎಷ್ಟು ಅಡಿ ಎತ್ತರದಿಂದ ಅಂತ ಗೊತ್ತಾ.?,2,2
ಅಡಿ,"ಆದರೆ, 7 ಅಡಿ ಎತ್ತರ ಅಜಾನುಬಾಹು ಗ್ಲೆನ್ ಥಾಮಸ್ ಜಾಕಬ್ಸ್ ಅವರು ರಿಪಬ್ಲಿಕನ್ ಪಕ್ಷದ ರಾಜಕಾರಣಿ, ಕ್ರಿಸ್ಟಲ್ ಗೌನ್ಸ್ ಅವರ ಪತಿ, ಇಬ್ಬರು ಹೆಣ್ಣು ಮಕ್ಕಳ ತಂದೆ.",2,2
ಅಡಿ,ರಿಮ್‌ನ ಎತ್ತರ 10 ಅಡಿ 3–0 ಎನ್‌ಬಿಎ ಇರುವ ಹಾಗೆ,2,2
ಅಡಿ,"1964ರ ಭೂ ಕಂದಾಯ ಕಾಯ್ದೆ ಕಲಂ 136 (3) (ಭೂಸ್ವಾಮಿತ್ವದ ನೈಜತೆ) ಅಡಿ ವಿಚಾರಣೆ ನಡೆಸಲಾಗಿದ್ದು, ಅದರ ಪ್ರಕಾರ ಕ್ರಮ ಕೈಗೊಳ್ಳಲಾಗಿದೆ’ ಎಂದು ಆದೇಶದಲ್ಲಿ ತಿಳಿಸಲಾಗಿದೆ.",1,1
ಅಡಿ,ದಾವಣಗೆರೆ: ಕೇಂದ್ರ ಸರ್ಕಾರದ ನಿರ್ದೇಶನದಂತೆ 2017-18 ನೇ ಸಾಲಿನ ಬೆಂಬಲ ಬೆಲೆ ಯೋಜನೆ ಅಡಿ ಡಿ.,2,1
ಅಡಿ,ಪೆಟ್ರೋಲಿಯಂ ಉತ್ಪನ್ನ ಜಿಎಸ್ ಟಿ ಅಡಿ ತರಲು ಕೇಂದ್ರದಿಂದ ಓಲೈಕೆ!,1,1
ಅಡಿ,ನಾವು ನಿಂತ ಅತ್ಯುನ್ನತ ಕೇಂದ್ರವನ್ನು ಸರ್ವೇಕ್ಷಣಾ ಭೂಪಟ ಮುಖ್ ಹೆಡ್ (ಸಮುದ್ರ ಮಟ್ಟದಿಂದ ೬೨೦೭ ಅಡಿ ಅಥವಾ ೧೮೯೪ ಮೀಟರ್) ಎಂದೇ ಹೆಸರಿಸಿದೆ.,2,2
ಅಡಿ,ಮನೆ ಒಳಭಾಗಕ್ಕೆ ಕಾಲಿಡುತ್ತಿದ್ದಂತೆ ಆವರಣದ ಗೋಡೆಯಲ್ಲಿ 12 ಅಡಿ ಎತ್ತರದಲ್ಲಿ ನಿಂತ ಅದ್ಭುತ ಗಣೇಶನ ಮೂರ್ತಿ.,2,2
ಅಡಿ,-ಸ್ಥಳೀಯ ಮತ್ತು ವಿಶೇಷ ಕಾಯ್ದೆ ಅಡಿ ದಾಖಲಾದ ಪ್ರಕರಣಗಳು : ಇಲ್ಲ,1,1
ಅಡಿ,ಇನ್ನು ಇದರಲ್ಲಿ 132 ಅಡಿ ಅಗಲ ಮತ್ತು 550 ಅಡಿ ಉದ್ದದವರೆಗೆ ಯಾವುದೇ ಕಂಬಗಳನ್ನು ಹಾಕಲಾಗಿಲ್ಲ.,2,2
ಅಡಿ,ಗೌರಿಯವರ ಮನೆಯಲ್ಲಿದ್ದ ಸಿಸಿಟಿವಿ ದೃಶ್ಯಾವಳಿಯಲ್ಲಿ ಕಂಡುಬಂದಂತೆ ಶಂಕಿತ ಆರೋಪಿ ರಸ್ತೆಯ ಬಲ ಬದಿಯಿಂದ ಬಂದು ಎಡಬದಿಯಲ್ಲಿರುವ ಗೌರಿಯವರ ಮನೆ ಮುಂದೆ ಬರುವುದಕ್ಕಾಗಿ 10 ಅಡಿ ದೂರದಿಂದಲೇ ಯೂ ಟರ್ನ್ ತೆಗೆದುಕೊಂಡಿದ್ದಾನೆ.,2,2
ಅಡಿ,"ಗುರುವೊಬ್ಬನ ನಂಬಿಕೆ ಹೇಗೆ ಹುಸಿಯಾಗುತ್ತದೆ, ನಾಲಗೆ ಮೂರೇ ಅಂಗುಲವಿದ್ದರೂ,ಅದು ಆರು ಅಡಿ ಮನುಷ್ಯನನ್ನು ಹೇಗೆ ಕೊಲ್ಲುತ್ತದೆ ಎಂಬುದನ್ನು ಹೇಳುತ್ತೇನೆ ಕೇಳು.!",2,2
ಅಡಿ,ಮೈಸೂರು ರಸ್ತೆಯ ಪಕ್ಕದಲ್ಲೇ ಇರುವುದರಿಂದ ಇಲ್ಲಿ ಚದರ ಅಡಿ ಜಾಗಕ್ಕೆ ₹10 ಸಾವಿರ ಮೌಲ್ಯವಿದೆ.,2,2
ಅಡಿ,"ಕೆಲವು ವ್ಯಾಖ್ಯಾನಗಳು ಗಾತ್ರದಲ್ಲಿ ವ್ಯತ್ಯಾಸ ಮಾಡುವುದಿಲ್ಲ, ಮತ್ತು ಮಹಾ ಸರೋವರಗಳ ಮೇಲಿನ ೧೦೦೦ ಅಡಿ ಉದ್ದದ ಬೃಹತ್ ಸರಕುನೌಕೆಗಳನ್ನು ದೋಣಿಗಳೆಂದೇ ಕರೆಯಲಾಗುತ್ತದೆ.",2,2
ಅಡಿ,"ಅದಕ್ಕಾಗಿ 14,000 ಅಡಿ ಎತ್ತರದ ಹಿಮಾಲಯದಲ್ಲಿ 20 ದಿನಗಳನ್ನ ಕಳೆಯಬೇಕಾಗಿತ್ತು.",2,2
ಅಡಿ,"ಮಂಗಳೂರು: ಪರಿಭಾವಿತ (ಡೀಮ್ಡ್) ಅರಣ್ಯ, ಕುಮ್ಕಿ, ಗೋಮಾಳ ಮತ್ತು ಸಿಆರ್‌ಜೆಡ್‌ ವ್ಯಾಪ್ತಿಯಲ್ಲಿರುವ ಜಮೀನಿನಲ್ಲಿ ಮನೆ ಕಟ್ಟಿಕೊಂಡವರು 94ಸಿ ಮತ್ತು 94ಸಿಸಿ ಅಡಿ ಸಲ್ಲಿಸಿರುವ ಅರ್ಜಿಗಳನ್ನು ತಿರಸ್ಕರಿಸುವಂತೆ ಕಂದಾಯ ಸಚಿವ ಆರ್‌.ವಿ.ದೇಶಪಾಂಡೆ ಇತ್ತೀಚೆಗೆ ಸುತ್ತೋಲೆ ಹೊರಡಿಸಿದ್ದು, ತಕ್ಷಣ ಅದನ್ನು ವಾಪಸ್ ಪಡೆಯಬೇಕು ಎಂದು ವಿಧಾನ ಪರಿಷತ್‌ನ ವಿರೋಧ ಪಕ್ಷದ ನಾಯಕ ಕೋಟ ಶ್ರೀನಿವಾಸ ಪೂಜಾರಿ ಆಗ್ರಹಿಸಿದರು.",1,1
ಅಡಿ,"ನಿಮ್ಮ ಅಡಿ ಭುಜವನ್ನು ಅಗಲವಾಗಿರಿಸಿ, ಹೊಟ್ಟೆಯ ಸ್ನಾಯುಗಳನ್ನು ಬಿಗಿಗೊಳಿಸಿ ಮತ್ತು ನಿಮ್ಮ ಕಾಲುಗಳನ್ನು ಎತ್ತಿ ದೃಢವಾಗಿ ಸರಿಯಾದ ಭಂಗಿಯನ್ನೇ ಅನುಸರಿಸಿ.",1,2
ಅಡಿ,ಅಲ್ಲದೆ ಹೈದ್ರಾಬಾದ್-ಕರ್ನಾಟಕ ಪ್ರದೇಶದ ಜಿಲ್ಲೆಗಳಲ್ಲಿ 371(ಜೆ) ಅಡಿ 116 ಪಶು ವೈದ್ಯರನ್ನು ಕೂಡ ಶೀಘ್ರ ಭರ್ತಿ ಮಾಡಲಾಗುವುದು.,1,1
ಅಡಿ,ಗರಿಷ್ಠ 750 ಅಡಿ ಎತ್ತರದಿಂದ ಜಿಗಿದಿದ್ದೇನೆ.,2,2
ಅಡಿ,ಅಡಿ ಟಿಪ್ಪಣಿಗಳು,1,1
ಅಡಿ,4: ಈಜು ಬಾರದೇ ಇರುವವರನ್ನು 100ಕ್ಕೂ ಹೆಚ್ಚು ಅಡಿ ಎತ್ತರದಿಂದ ಧುಮುಕಿಸಿದ್ದು ಎಷ್ಟು ಸರಿ?,2,2
ಅಡಿ,ಆಯುಷ್ಮಾನ್ ಭಾರತ- ‌ಆರೋಗ್ಯ ಕರ್ನಾಟಕ ಯೋಜನೆ ಅಡಿ 5 ಲಕ್ಷದ ತನಕ ಅನುಕೂಲ,1,1
ಅಡಿ,ಸಮುದ್ರ ಮಟ್ಟದಿಂದ ಸುಮಾರು 5770 ಅಡಿ ಎತ್ತರ ದಲ್ಲಿರುವ ಮಣಿಕರಣ್ ಸುಂದರ ತಾಣ.,2,2
ಅಡಿ,ಇದರಿಂದ ಹೊರ ಬಂದಲ್ಲಿ ನೇರವಾಗಿ ಹದಿನೈದು ಅಡಿ ಕೆಳಗಿರುವ ಗಿಡಗಳ ಪೊದೆ ಸೇರಬೇಕಾದೀತು.,2,2
ಅಡಿ,ಎಂಟು ವರ್ಷಗಳಲ್ಲಿ ಬರೋಬ್ಬರಿ ಹತ್ತು ವಿದ್ಯಾರ್ಥಿಗಳು ಸಾವನ್ನಪ್ಪಿದ್ದಾರೆ ಅಂತಾ ವಿದ್ಯಾರ್ಥಿ ಸಂಘಟನೆ ಎಸ್‍ಎಫ್‍ಐ ಜಿಲ್ಲಾಧ್ಯಕ್ಷ ನಿತಿನ್ ಕುತ್ತಾರ್ ಆರ್‍ಟಿಐ ಅಡಿ ಪಡೆದ ಮಾಹಿತಿಯಿಂದ ಗೊತ್ತಾಗಿದೆ.,1,1
ಅಡಿ,ಇಲ್ಲಿ ಬೆತ್ತದ ಗುರಾಣಿ ಮತ್ತು ಸುಮಾರು ಆರು ಅಡಿ ಉದ್ದದ ಬೆತ್ತವನ್ನು ಬಳಸುತ್ತಾರೆ.,1,2
ಅಡಿ,"ಇತ್ತೀಚಿಗೆ ಲುಲು ಗ್ರೂಪ್ ಕೇರಳದ ಐಟಿ ಕ್ಷೇತ್ರ ಅಭಿವೃದ್ಧಿಪಡಿಸುವ ನಿಟ್ಟಿನಲ್ಲಿ, ಕೊಚ್ಚಿಯಲ್ಲಿ 50 ಲಕ್ಷ ಚದರ ಅಡಿ ಐಟಿ ಸ್ಥಳವನ್ನು ಅಭಿವೃದ್ಧಿಪಡಿಸಲು 2400 ಕೋಟಿ ರೂ.",2,2
ಅಡಿ,ಅಡಿ ಎತ್ತರದ ಈ ಆಣೆಕಟ್ಟು ಹಾಸನದ ಪ್ರವಾಸೋದ್ಯಮದಲ್ಲಿ ಪ್ರಮುಖ ಪಾತ್ರ ವಹಿಸಿದೆ.,2,2
ಅಡಿ,ಅಕ್ರಮ ಹಣ ವರ್ಗಾವಣೆ ತಡೆ ನಿಯಮಗಳ ಅಡಿ ಬ್ಯಾಂಕ್ ಖಾತೆಯೊಂದಿಗೆ ಆಧಾರ್ ಜೋಡಣೆ ಕಡ್ಡಾಯ ಎಂದು ಆರ್‌ಬಿಐ ಹೇಳಿತ್ತು.,1,1
ಅಡಿ,"ಅತ್ತ ಅಲ್ಪ ಸಂಖ್ಯಾತ ಶಿಕ್ಷಣ ಸಂಸ್ಥೆಗಳು, ಸಂವಿಧಾನದ 30 ನೇ ಕಲಂ ಅಡಿ ತಮ್ಮ ಹಕ್ಕು ಪ್ರತಿಪಾದಿಸುತ್ತಿವೆ ಎಂದು ನ್ಯಾಯಾಲಯ ಹೇಳಿದೆ.ಅರ್ಜಿದಾರರ ಪರ ವಾದ ಮಂಡಿಸಿದ ಶಶಿಕಿರಣ್‌ ಶೆಟ್ಟಿ, ಆರ್‌ಟಿಇ ಅಡಿ ವಿನಾಯ್ತಿ ಪಡೆಯಲು ಅರ್ಜಿದಾರರ ಸಂಸ್ಥೆ ಭಾಷಾ ಅಲ್ಪ ಸಂಖ್ಯಾತ ಸ್ಥಾನಮಾನ ಮಂಜೂರು ಮಾಡಬೇಕೆಂದು ಕೋರಿ ಅರ್ಜಿ ಸಲ್ಲಿಸಿದ್ದರೂ ಸಹ ಅದನ್ನು ಪರಿಗಣಿಸಿಲ್ಲ.",1,1
ಅಡಿ,ಇದರಲ್ಲಿ 36.5 ಟಿಎಂಸಿ ಅಡಿ ನೀರನ್ನು ಬಳಸಿಕೊಳ್ಳುವ ಪ್ರಸ್ತಾಪವನ್ನು ಕರ್ನಾಟಕ ಮುಂದಿಟ್ಟಿತು.,2,2
ಅಡಿ,ವಿಜಾಪುರ ನಗರದ ‘ಶಹಪುರ ಅಗಸಿ’ಯ ಸಮೀಪವೇ ನಿರ್ಮಾಣಗೊಂಡಿರುವ ಇದು ೧೪೪ ಅಡಿ ಅಗಲ ೧೫೬ ಅಡಿ ಉದ್ದವಿದೆ.,2,2
ಅಡಿ,ಐಪಿಸಿ ‘354ಡಿ’ ಅಡಿ ದಾಖಲಾದ ಪ್ರಕರಣಗಳ ಜಿಲ್ಲಾವಾರು ವಿವರ,1,1
ಅಡಿ,ಅದ್ಭುತ ಚಿತ್ರಗಳು ಅದ್ಭುತ ಸಮಯೋಚಿತ ಚಿತ್ರಗಳು ಅದಕ್ಕೆ ಒಪ್ಪುವ ಅಡಿ ಟಿಪ್ಪಣಿಗಳು,1,1
ಅಡಿ,"ರಾಜ್ಯದ ಕಾವೇರಿ ತೀರದ ಜಲಾಶಯಗಳಲ್ಲಿ ಕೇವಲ 69 ಟಿಎಂಸಿ ಅಡಿ ನೀರು ಮಾತ್ರ ಇದ್ದು, ಇದು ಕರ್ನಾಟಕಕ್ಕೇ ಸಾಲದು ಎಂದು ಅವರು ಹೇಳಿದರು.",2,2
ಅಡಿ,ರಾಷ್ಟ್ರಕವಿ ಜಿ.ಎಸ್.ಶಿವರುದ್ರಪ್ಪ ಅವರ ನಿಧನದ ವಿಷಾದದೊಂದಿಗೆ ಈ ವರ್ಷಕ್ಕೆ ಗುಡ್‌ಬೈ ಹೇಳುತ್ತಾ ಹೊಸ ವರ್ಷಕ್ಕೆ ಅಡಿ ಇಡುವ ಅನಿವಾರ್ಯತೆ ಎದುರಾಗಿದೆ.,1,2
ಅಡಿ,"ಶೌಚಗೃಹ - ಏಳಡಿ ಎತ್ತರ, ಮೂರಡಿ ಅಗಲ, ಮೂರೂವರೆ ಅಡಿ ಉದ್ದ.",1,2
ಅಡಿ,ಅನುಚಿತ ಪ್ರಯೋಜನ ಪಡೆಯುವಿಕೆ ಎಂಬ ಉಪ ಶೀರ್ಷಿಕೆ ಅಡಿ ಹೊಸ ನಿಯಮಗಳನ್ನು ಉಲ್ಲೇಖಿಸಲಾಗಿದೆ.,1,1
ಅಡಿ,"ರಾಮ್‌ನಗರಕ್ಕೆ ತೆರಳುತ್ತಿದ್ದ ಬಸ್, ಧುಮಾಕೋಟ್‌ ನಗರದ ಹಳ್ಳಿಯೊಂದರ ಬಳಿ 700 ಅಡಿ ಆಳದ ಕಂದಕಕ್ಕೆ ಉರುಳಿದೆ ಎಂದು ಜಿಲ್ಲಾ ಪೊಲೀಸ್ ವರಿಷ್ಠಾಧಿಕಾರಿ ಜಗತ್ ರಾಮ್ ಜೋಶಿ ತಿಳಿಸಿದರು.",2,2
ಅಡಿ,"ವೃತ್ತಿಯಲ್ಲಿ ದೋಬಿಯಾಗಿರುವ ಆರೋಪಿ, ಇಂದಿರಾನಗರ 80 ಅಡಿ ರಸ್ತೆಯಲ್ಲಿ ಇಸ್ತ್ರಿ ಅಂಗಡಿ ನಡೆಸುತ್ತಿದ್ದ.",2,2
ಅಡಿ,ಸುಮಾರು ಮೂರುವರೆ ಅಡಿ ಉದ್ದದ ಬೆತ್ತದ ಜೊಪ್ಪಕೋಲ್‍ಗಳನ್ನು ಹಿಡಿದು ಹಾಡಿನೊಂದಿಗೆ ಕೋಲಾಟವಾಡಲಾಗುತ್ತದೆ.,2,2
ಅಡಿ,"ಹದಿನಾಲ್ಕು ಟಿಎಂಸಿ ಅಡಿ ನೀರು ರಾಜ್ಯದ ಪಾಲಿಗೆ ಉಳಿತಾಯ ಆಗಲಿದ್ದು, ಬೆಂಗಳೂರಿಗೆ ಹೆಚ್ಚುವರಿಯಾಗಿ ನಾಲ್ಕು ಟಿಎಂಸಿ ಅಡಿ ನೀರು ದೊರೆಯಲಿದೆ.",2,2
ಅಡಿ,ವರ್ಷದ ಬಾಲಕನಿಗೆ ಮದುವೆಯಾಗುವಂತೆ ಒತ್ತಾಯ : ಮಹಿಳೆ ವಿರುದ್ಧ ಪೋಕ್ಸೋ ಅಡಿ ಪ್ರಕರಣ ದಾಖಲು…!,1,1
ಅಡಿ,ಏತನ್ಮಧ್ಯೆ ಕ್ರೇಜಿಸ್ಟಾರ್ ರವಿಚಂದ್ರನ್ ಅವರ ಜೊತೆಗಿನ ಚಿತ್ರ ಕ್ರೇಜಿಸ್ಟಾರ್ ( ಅಡಿ ಬರಹ ಹೃದಯಗಳ ಸೇತುವೆ) ಮುಗಿಸಿಕೊಡಬೇಕಾಗಿದೆ.,1,1
ಅಡಿ,"ಆಶ್ರಮದಲ್ಲಿನ 45 ಅಡಿ ಎತ್ತರದ ಕಾರ್ಯಸಿದ್ಧಿ ಆಂಜನೇಯ ವಿಗ್ರಹಕ್ಕೆ ತುಲಸೀದಾಸ್ ರಚಿತ ಹನುಮಾನ್ ಚಾಲೀಸಾ ಶ್ಲೋಕ ಆಧರಿಸಿ, ಸುಮಾರು 8 ನಿಮಿಷಗಳ ಕಾಲ ಪ್ರೊಜೆಕ್ಷನ್ ಮ್ಯಾಪಿಂಗ್ ಟೆಕ್ನಾಲಜಿ ಮೂಲಕ ವಿಶೇಷ ಪ್ರದರ್ಶನ ನೀಡಲಾಯಿತು.",2,2
ಅಡಿ,ಚಾಲಕನ ನಿಯಂತ್ರಣ ತಪ್ಪಿ 50 ಅಡಿ ಆಳದ ಗುಂಡಿಗೆ ಬಿದ್ದ ಹಾಲಿನ ಲಾರಿ,2,2
ಅಡಿ,"ನಾಳೆ ಆಕೆಯ ವಿಚಾರಣೆ ನಡೆಯಲಿದ್ದು, ಆಕೆ ತಪ್ಪಿತಸ್ಥಳು ಎಂದು ಸಾಬೀತಾದರೆ ಹೊಸ ಕಾನೂನಿನ ಅಡಿ ಮತ್ತೆ ಎರಡು ವರ್ಷ ಕಾರಾಗೃಹ ಶಿಕ್ಷೆಗೆ ಒಳಗಾಗಬೇಕಾಗುತ್ತದೆ.",1,1
ಅಡಿ,ಕಾವೇರಿ ಕಣಿವೆಯ ಎಲ್ಲ ಜಲಾಶಯಗಳಲ್ಲೂ ಸೇರಿದಂತೆ ಒಟ್ಟು 34 ಟಿಎಂಸಿ ಅಡಿ ನೀರು ಮಾತ್ರ ಸಂಗ್ರಹವಿದೆ.,1,2
ಅಡಿ,ಕೆಆರ್‌ಎಸ್‌ನಲ್ಲಿ 350 ಅಡಿ ಎತ್ತರದ ಕಾವೇರಿ ತಾಯಿ ಪ್ರತಿಮೆ ನಿರ್ಮಾಣ,2,2
ಅಡಿ,ನಾನೂ ಸಮಾಧಾನದಿಂದ ನಿಂತು ನಮ್ಮ ಪ್ರವರ ಒಪ್ಪಿಸಿ ಮುಂದೆ ಅಡಿ ಇಡುತ್ತಿದ್ದೆ.,1,2
ಅಡಿ,"ಅಣೆಕಟ್ಟು ಕಟ್ಟಿದಾಗಲೇ 37 ಟಿಎಂಸಿ ಅಡಿ ಪೂರ್ತಿ ಸಂಗ್ರಹವಾಗದೇ, ನೀರಿನ ಕೊರತೆ ಉಂಟಾಗುವುದು ಎಂಬ ನಿರೀಕ್ಷೆ ಇತ್ತು.",2,2
ಅಡಿ,"ಇದೇ ಪರಂಪರೆ ಮುಂದುವರಿಸಿ, ಮುಂದೆ ಸಾವಿರ ಅಡಿ ಎತ್ತರದ ಮೋದಿ ಪುತ್ತಳಿ ನಿಲ್ಲಿಸೋದು.!!",2,2
ಅಡಿ,ಸೆಲ್ಫಿ ವೇಳೆ ಆಯತಪ್ಪಿ 500 ಅಡಿ ಆಳದ ಪ್ರಪಾತಕ್ಕೆ ಬಿದ್ದು ಮಹಿಳೆ ಸಾವು!,2,2
ಗುಂಡಿ,ಮೊದಲೇ ಸೆಟ್‌ ಆಗಿರುವ ಚಾನೆಲ್‌ ಬರಲು ಸ್ಟ್ರೀಮಿಂಗ್‌ ಎಂಬ ಗುಂಡಿ ಒತ್ತಿ ಅಥವಾ ಸ್ಟ್ರೀಮಿಂಗ್‌ ಎಂದು ಬರೆದಿರುವುದರ ಬಲಗಡೆಯಲ್ಲಿ ಡೌನ್‌ ಆ್ಯರೊ (ಕೆಳಗೆ ಮುಖಮಾಡಿರುವ ಬಾಣದ ಗುರುತು) ಒತ್ತಿ.,1,2
ಗುಂಡಿ,ಹೆದ್ದಾರಿ ಗುಂಡಿ ಮುಚ್ಚಲು ಗಡುವು - Kundapura News - ಕುಂದಾಪ್ರ ಡಾಟ್ ಕಾಂ ಸುದ್ದಿ,1,1
ಗುಂಡಿ,"ಕನಿಷ್ಠ ಪಕ್ಷ ಗುಂಡಿ ಮುಚ್ಚಿ, ಡಾಂಬರು ಹಾಕುವಷ್ಟು ಅನುದಾನವೂ ಪಾಲಿಕೆ ಬಳಿಯಿಲ್ಲವೇ ?",1,1
ಗುಂಡಿ,"ಈ ಬಗ್ಗೆ ಮಾತನಾಡಿದ ನಿವಾಸಿ ಕೆಎಂ ಪೂಣಚ್ಚ, ಗುಂಡಿ ಬಿದ್ದಿರುವ ಮಡಿಕೇರಿ-ನಾಪೋಕ್ಲು ರಸ್ತೆ ದುರಸ್ಥಿ ಮಾಡಿಸುವಂತೆ ಶಾಸಕರನ್ನು ಒತ್ತಾಯಿಸಿದ್ದಾರೆ.",1,1
ಗುಂಡಿ,"ಬೆಳಿಗ್ಗೆ ನನಗೆ ತುಂಬಾ ಇಷ್ಟವಾದ ಶರಟನ್ನು ಇಸ್ತ್ರೀ ಮಾಡುತ್ತಿರುವಾಗ, ಶರಟಿನ ಮಧ್ಯದ ಒಂದು ಗುಂಡಿ ಸಡಿಲವಾಗಿದ್ದು ಕಾಣಿಸಿತು, ಗುಂಡಿಯನ್ನು ಸ್ವಲ್ಪ ಎಳೆದು ನೋಡಿದೆ, ನಾಲ್ಕೋ ಐದೊ ದಾರಗಳಿದ್ದು ಸ್ವಲ್ಪ ಲೂಸಾಗಿದ್ದುದು ಕಂಡುಬಂತು.",2,2
ಗುಂಡಿ,"ಅದು ಗುಂಡಿ ಕೊರೆದು, ಅಲ್ಲಿ ಮಲಮೂತ್ರ ವಿಸರ್ಜಿಸಿ ಆನಂತರ ಆ ಗುಂಡಿಯನ್ನು ಮಣ್ಣಿನಿಂದ ಮುಚ್ಚಿ ಸ್ವಚ್ಛತೆಯ ಸಂದೇಶ ಸಾರುತ್ತದೆ.",1,1
ಗುಂಡಿ,ಗಂಭೀರ ಸಮಸ್ಯೆಯಾಗಿ ಪರಿಣಮಿಸಿರುವ ನಗರದ ರಸ್ತೆಗಳ ಗುಂಡಿ ಮುಚ್ಚುವ ಕಾರ್ಯವನ್ನು ಶೀಘ್ರದಲ್ಲಿ ಮಾಡುವುದಾಗಿ ಅಧ್ಯಕ್ಷರು ಭರವಸೆ ನೀಡಿದ್ದಾರೆ ಎಂದು ಶಿವುಮಾದಪ್ಪ ತಿಳಿಸಿದರು.,1,1
ಗುಂಡಿ,ಇದರಿಂದಾದರೂ ನಮ್ಮೂರಿನ ಪ್ರಮುಖ ರಸ್ತೆಗಳ ಗುಂಡಿ ಮುಚ್ಚುತ್ತಿದ್ದವು.,1,1
ಗುಂಡಿ,ಗುಂಡಿ ಅಗೆದು ಶವಗಳ ರುಂಡ ಕತ್ತರಿಸಿದ ದುಷ್ಕರ್ಮಿಗಳು…!,2,1
ಗುಂಡಿ,ಉತ್ತರ ಪ್ರದೇಶದ ಪೌರಸಂಸ್ಥೆಗಳ ಚುನಾವಣಾ ಮತಗಟ್ಟೆಗಳಲ್ಲಿ ಇವಿಎಂ ಯಂತ್ರಗಳಲ್ಲಿನ ದೋಷದಿಂದಾಗಿ ಯಾವ ಗುಂಡಿ ಒತ್ತಿದರೂ ಬಿಜೆಪಿಗೆ ಮತ.,2,2
ಗುಂಡಿ,"ಚಾಮರಾಜನಗರ, ನವೆಂಬರ್ 10: ಗುಂಡ್ಲುಪೇಟೆ ತಾಲೂಕನ್ನು ಬಯಲು ಶೌಚಮುಕ್ತ ತಾಲೂಕನ್ನಾಗಿಸಲು ಪಣತೊಟ್ಟಿರುವ ತಾಪಂ ಕಾರ್ಯನಿರ್ವಾಹಕ ಅಧಿಕಾರಿ(EO) ಎಚ್.ಎಸ್.ಬಿಂದ್ಯಾ ಅವರು ತಾವೇ ಗ್ರಾಮಕ್ಕೆ ತೆರಳಿ ಹಾರೆ ಹಿಡಿದು ಗುಂಡಿ ತೋಡುವ ಮೂಲಕ ಗ್ರಾಮಸ್ಥರಿಗೆ ಶೌಚಾಲಯದ ಅರಿವು ಮೂಡಿಸುವುದರೊಂದಿಗೆ ಎಲ್ಲರ ಮನವೊಲಿಸುವಲ್ಲಿ ಯಶಸ್ವಿಯಾಗಿದ್ದಾರೆ.",1,1
ಗುಂಡಿ,"ಈ ಸಾಧನದ ತಳದಲ್ಲಿ ಎರಡು ಗಾಲಿಗಳಿದ್ದರೆ, ಮೇಲ್ಭಾಗದಲ್ಲಿ ಒಂದೇ ಒಂದು ಕೆಂಪು ಬಣ್ಣದ ಗುಂಡಿ ಇತ್ತು.",2,2
ಗುಂಡಿ,"ಮುಂದಿನ ದಿನಗಳಲ್ಲಿ ಗುತ್ತಿಗೆದಾರರಿಗೆ ಕೆಲಸ ನೀಡುವ ಪೂರ್ವದಲ್ಲಿ ಕಾಮಗಾರಿ ಮುಗಿದ ನಂತರ ಮಣ್ಣಿನ ತೆರವು, ಗುಂಡಿ ಸಮರ್ಪಕವಾಗಿ ಮುಚ್ಚಲು ಸೂಚಿಸಬೇಕು.",1,1
ಗುಂಡಿ,ಗುಂಡಿ ಬೀಳದಂಥ ರಸ್ತೆ‌ ನಿರ್ಮಾಣಕ್ಕೆ ಈಗಾಗಲೇ ವೈಟ್‌ಟಾಪಿಂಗ್ ಮಾಡಿಸಲಾಗುತ್ತಿದೆ.‌ ಈ ರಸ್ತೆ 25 ವರ್ಷಕ್ಕೂ ಹೆಚ್ಚು ವರ್ಷ ಬಾಳಿಕೆ ಬರಲಿದೆ.,1,1
ಗುಂಡಿ,ರೈತರ ಪಂಪ್‌ಸೆಟ್‌ಗಳಿಂದ ನೀರು ಪಡೆದು ಗುಂಡಿ ತುಂಬಿಸುತ್ತಿರುವುದು ವಿಶೇಷ.,1,1
ಗುಂಡಿ,"ಮುಳ್ಳಯ್ಯನ ಗಿರಿ, ಬಾಬಾ ಬುಡನ್ ಗಿರಿ , ಅತ್ತಿ ಗುಂಡಿ , ಕೋಳಗಾನೆ ಈ ಗ್ರಾಮಗಳಲ್ಲಿ ರಸ್ತೆ ಬದಿಯಲ್ಲಿ ಗುಡ್ಡದ ಮಣ್ಣು ಕುಸಿದಿದೆ.",1,1
ಗುಂಡಿ,ಗುಂಡಿ ಯನ್ನು ತೋಡುವವನು ತಾನೇ ಅದರಲ್ಲಿ ಬೀಳುತ್ತಾನೆ; ಕಲ್ಲು ಹೊರಳಿಸುವವನ ಮೇಲೆಯೇ ಅದು ತಿರಿಗಿ ಹೊರಳುವದು.,1,1
ಗುಂಡಿ,"ಅದು ಹೇಗೆ ಹರಿಯಿತು ಅನ್ನೋದನ್ನು ನೋಡಿರಲಿಲ್ಲ, ಹಾಗಾಗಿ ಮತ್ತೊಂದು ಚಾನೆಲ್ಲಿನ ಗುಂಡಿ ಒತ್ತಿದೆ.",1,2
ಗುಂಡಿ,ಅಗೆದ ಭಾಗವನ್ನು ಸರಿಯಾಗಿ ಮುಚ್ಚದ ಕಾರಣ ಮಳೆ ನೀರು ನಿಂತು ಗುಂಡಿ ನಿರ್ಮಾಣವಾಗುತ್ತದೆ.,1,1
ಗುಂಡಿ,"ಹೆಣದ ಗುಂಡಿ ತೆಗೆಯುವವನ ಕನಸುಗಳು, ಅವುಗಳ ಮೂಲಕ ವರ್ತಮಾನದ ವಾಸ್ತವವನ್ನು ಬಿಚ್ಚಿಡುತ್ತಾ ಹೋಗುವುದು, ಉಪಕತೆಯ ಮೂಲಕ ಮುಖ್ಯಕತೆಯನ್ನು ಹೇಳಿರುವುದು ಈ ಚಿತ್ರದಲ್ಲಿ ನಾನು ಕಂಡ ವಿಶೇಷ.",1,1
ಗುಂಡಿ,ವಾಹನ ಸವಾರರಿಗೆ ದುಃಸ್ವಪ್ನವಾದ ರಸ್ತೆ ಗುಂಡಿ,1,1
ಗುಂಡಿ,ಸಣ್ಣ ಪ್ರಮಾಣದ ಗುಂಡಿ ದಿನದಿಂದ ದೊಡ್ಡದಾಗುತ್ತಿದೆ.,1,1
ಗುಂಡಿ,"ಬೆಂಗಳೂರು, ಜು.24-ಬೆಂಗಳೂರು ನಗರದ ರಸ್ತೆಗಳ ಗುಂಡಿ ಮುಚ್ಚುವ ನೆಪದಲ್ಲಿ ನಾಗರಿಕ ತೆರಿಗೆ ಹಣವನ್ನು ಪೋಲು ಮಾಡಲಾಗುತ್ತಿದೆ ಎಂದು ಬಿಬಿಎಂಪಿ ಆಡಳಿತ ಪಕ್ಷದ ಮಾಜಿ ನಾಯಕ ಎನ್.ಆರ್.ರಮೇಶ್ ಗಂಭೀರ ಆರೋಪ ಮಾಡಿದ್ದಾರೆ.",1,1
ಗುಂಡಿ,"ಈಗಿನ ಕಾಲಕ್ಕೆ ಪೊಲೀಸ್‌ ಅಧಿಕಾರಿ ಔಟ್‌ಶರ್ಟ್‌ ಮಾಡಿಕೊಂಡು, ಗುಂಡಿ ಬಿಚ್ಚಿಕೊಂಡಿದ್ದರೆ ಜನ ನಂಬಲ್ಲ.",2,2
ಗುಂಡಿ,ರೇಷ್ಮೆ ಬೆಳೆಯಲು ರೈತರು ಮುಂದಾದರು ಉಚಿತವಾಗಿ ರೈತರಿಗೆ ತರಬೇತಿ ನೀಡುವುದಲ್ಲದೇ ಹಿಪ್ಪುನೇರಳೆ ಬೆಳೆಗೆ ನರೇಗಾದಿಂದ ಗುಂಡಿ ತೆಗೆಸಲಾಗುವುದು.,1,1
ಗುಂಡಿ,"ಅನಂತಪದ್ಮನಾಭನ ಕಡುಶರ್ಕರ ಪಾಕದ ಮೂಲವಿಗ್ರಹ, ಆತನ ಗರ್ಭ ಗುಡಿಯಲ್ಲಿರುವ ಸಾವಿರಾರು ವರ್ಷಗಳ ಹಿಂದಿನ ಬಣ್ಣದ ಚಿತ್ರ ಚಿತ್ತಾರಗಳು, ದೇವಸ್ಥಾನದ ಸುತ್ತ ಇರುವ ಸರ್ಪಕೋಟೆ, ಗುಂಡಿ ಬಟ್ಟಲಿನಾಕಾರದ ಅಲ್ಲಿನ ಪರಿಸರ ಎಲ್ಲವೂ ನನ್ನನ್ನು ಸಂಪೂರ್ಣ ಆವರಿಸಿಕೊಂಡುಬಿಟ್ಟಿತು.",1,1
ಗುಂಡಿ,ಮಡಿಕೇರಿ-ಭಾಗಮಂಡಲ-ತಲಕಾವೇರಿ ನಡುವಿನ ಸಂಪರ್ಕ ರಸ್ತೆಯಲ್ಲಿನ ಗುಂಡಿ ಮುಚ್ಚುವ ಮತ್ತು ರಸ್ತೆಯ ಬದಿಯಲ್ಲಿ ಬೆಳೆ ದಿರುವ ಗಿಡಗಳನ್ನು ತೆಗೆಯುವ ಕಾರ್ಯ ಭರ ದಿಂದ ನಡೆಯುತ್ತಿದೆ ಎಂದು ಅವರು ಮಾಹಿತಿ ನೀಡಿದರು.,1,1
ಗುಂಡಿ,ಹುಬ್ಬಳ್ಳಿ : ವರ್ಷದಿಂದ ವರ್ಷಕ್ಕೆ ಕುಸಿತ ಕಾಣುತ್ತಿರುವ ಅಂತರ್ಜಲ ಮಟ್ಟ ಹೆಚ್ಚಿಸುವ ನಿಟ್ಟಿನಲ್ಲಿ ರಾಜ್ಯದಲ್ಲಿ ಇದೇ ಪ್ರಪ್ರಥಮ ಬಾರಿಗೆ ಧಾರವಾಡ ಜಿಲ್ಲಾ ಪಂಚಾಯಿತಿ ಪ್ರತಿ ಮನೆಯಂಗಳದಲ್ಲಿ ಇಂಗು ಗುಂಡಿ ಸ್ಥಾಪಿಸುವ ಇಂಗು ಗುಂಡಿ ಮಾದರಿ ಗ್ರಾಮ ಎನ್ನುವ ಮಹತ್ವದ ಯೋಜನೆ ರೂಪಿಸಿದೆ.,1,1
ಗುಂಡಿ,"ಊರು ಪಕ್ಕದ ನದಿಯಲ್ಲಿ ನೀರು ಬತ್ತಿದಾಗ, ನದಿ ಪಾತ್ರದಲ್ಲಿ ಗುಂಡಿ ತೋಡಿ ‘ಒರ್ತಿ ತೆಗೆಯುವುದು’ ನೀರನ್ನು ಪಡೆಯುವ ವಿಧಾನ ನಮ್ಮ ಕಣ್ಣ ಮುಂದಿದೆ.",1,1
ಗುಂಡಿ,ಮಳೆ ನೀರು ಸರಾಗವಾಗಿ ಕಾಲುವೆಗೆ ಹರಿದು ಹೋಗುವುದರಿಂದ ರಸ್ತೆಯಲ್ಲಿ ಗುಂಡಿ ಬೀಳುವುದು ಕಡಿಮೆ ಆಗಲಿದೆ.,1,1
ಗುಂಡಿ,"ಮೊದಲು ಗುಂಡಿ ತೋಡುತ್ತಾರೆ, ಅದರ ಸೆಮೆಂಟಿಂಗ್ ಆಗುತ್ತದೆ, ನಂತರ ಕಲ್ಲು ಮುಚ್ಚುತ್ತಾರೆ ಮತ್ತು ಅಲ್ಲಲ್ಲಿ ಓಪನಿಂಗ್ ಅಂದರೆ ರಂಧ್ರಗಳನ್ನು ಬಿಟ್ಟಿರುತ್ತಾರೆ.",1,1
ಗುಂಡಿ,ಅಧಿಕ ಯಂತ್ರಗಳು ಮತ್ತು ಕಾರ್ಮಿಕರನ್ನು ಬಳಸಿಕೊಂಡು ಬುಧವಾರ ರಾತ್ರಿಯೇ ಗುಂಡಿ ಮುಚ್ಚುವ ಕಾಮಗಾರಿಗೆ ಚುರುಕು ನೀಡಲಾಯಿತು.,1,1
ಗುಂಡಿ,‘ಸತತ ಮಳೆಯಿಂದ ಗುಂಡಿ ಬೀಳುವುದು ಸಾಮಾನ್ಯ.,1,1
ಗುಂಡಿ,"ಆಗ ವಾಸ್ತವಕ್ಕೆ ಬಂದ ವಿಶ್ವ, ಯಾರಿಗೋ ಫೋನ್ ಮಾಡಿ ಬರುತ್ತೇನೆಂದು ಹೇಳಿ ಮೊಬೈಲ್ ಗುಂಡಿ ಒತ್ತುತ್ತಾ ಹೊರಗೆ ಹೋದನು.",2,2
ಗುಂಡಿ,"ಕೆಲ ವಾರಗಳ ಹಿಂದೆ ಒಂದು ಜೋಡಿಯು ಬೈಕ್‍‍ನ ಮೇಲೆ ಹೋಗುತ್ತಿರುವಾಗ , ರಸ್ತೆಯಲ್ಲಿ ಗುಂಡಿ ಇರುವ ಕಾರಣ ಕಂಟ್ರೋಲ್ ತಪ್ಪಿ ಕೆಳಕ್ಕೆ ಬಿದ್ದು, ಬೈಕ್‍‍ನಲ್ಲಿದ್ದ ಮಹಿಳೆ ಮೇಲೆ ಬಸ್ ಹಾಯ್ದುಹೋದ ಪರಿಣಾಮ ಸ್ಥಳದಲ್ಲೇ ಪ್ರಾಣ ಕಳೆದುಕೊಂಡಿದ್ದಾಳೆ.",1,1
ಗುಂಡಿ,ಪತಿ ಹಾಗೂ ಪತ್ನಿಯ ದೇಹವನ್ನು ಅವರ ಜಮೀನಿನಲ್ಲಿ ಅಕ್ಕ ಪಕ್ಕ ಗುಂಡಿ ತೋಡಿ ಅಂತ್ಯಸಂಸ್ಕಾರ ಮಾಡಲಾಯಿತು.,1,1
ಗುಂಡಿ,"ದೇವಾಲಯದ ಆವರಣದಲ್ಲಿ ನಿಧಿ ಇದೆ ಎಂದು ಜೋತಿಷಿಯೊಬ್ಬರು ಹೇಳಿದ್ದಾರೆ ಎಂದು ಹಾರೆ, ಸಲಾಕೆಗಳಿಂದ ಗುಂಡಿ ತೆಗೆಯುತ್ತಿದ್ದಾಗ ಆರೋಪಿಗಳು ಗ್ರಾಮಸ್ಥರ ಕಣ್ಣಿಗೆ ಬಿದ್ದಿದ್ದಾರೆ.",1,1
ಗುಂಡಿ,ರಸ್ತೆ ಗುಂಡಿ ಮುಚ್ಚುವ ನೆಪದಲ್ಲಿ ಅಧಿಕಾರಿಗಳು ಪಾಲಿಕೆ ಹಣವನ್ನು ಲೂಟಿ ಹೊಡೆಯುತ್ತಿದ್ದಾರೆ.,1,1
ಗುಂಡಿ,ಬಳಿಕ ಈ ಪತ್ರವನ್ನು ಅಪರಿಚಿತ ಸ್ಥಳವೊಂದರಲ್ಲಿ ಗುಂಡಿ ತೋಡಿ ಹೂತುಬಿಡಿ.,1,1
ಗುಂಡಿ,"“ಸರಿಯಪ್ಪ ಅದೇನೊ ನೀವು ನೇರವಾದ ವ್ಯಕ್ತಿಯಲ್ಲ ಡಾಕ್ಟರೆ, ನಿಮ್ಮ ಮನಸಿನ ಆಳ ತೆಗೆಯೋದು ಕಷ್ಟವೆ, ಇನ್ನು ಸಮಯವಿದೆಯಲ್ಲ ಯೋಚಿಸೋಣ , ಈಗ ಇರಲಿ ಬನ್ನಿ ಹೊರಡೋಣ , ನಿಮ್ಮ ಮನೆಯ ಹತ್ತಿರ ಹೋಗೋಣ, ನೀವು ಮುಚ್ಚಿರುವ ಗುಂಡಿ ಅಗೆಯಲು ಎಲ್ಲರು ಸೇರಿದ್ದಾರೆ, ನಮ್ಮ ಬಾಸ್ ಗಳು ಎಲ್ಲ ಬಂದಿದ್ದಾರೆ ಹೊರಡಿ “ ಎಂದು ಎದ್ದು ನಿಂತ ಇನ್ಸ್ ಪೆಕ್ಟರ್ ಕರಿಯಪ್ಪ",1,1
ಗುಂಡಿ,ಇಂಗು ಗುಂಡಿ ಹೇಗೆ?,1,1
ಗುಂಡಿ,‘15 ದಿನಗಳಲ್ಲಿ ಗುಂಡಿ ಮುಕ್ತ ಅವಳಿ ನಗರ’,1,1
ಗುಂಡಿ,"ಆ ಕಲೆಯನ್ನೇ ಮುಟ್ಟಿ ಮುಟ್ಟಿ ನೋಡಿ, ಅಲ್ಲಿ ಗುಂಡಿ ಬಿದ್ದಿರುವಂತ ಅದರ ಅನುಭವ ಪಡೆದುಕೊಂಡ ನಂತರ ಒಮ್ಮೆ ನನ್ನನ್ನು ವಿಶೇಷವಾಗಿ ದಿಟ್ಟಿಸಿ ನೋಡಿ ಜಾಗ ಖಾಲಿ ಮಾಡಿದ.",1,1
ಗುಂಡಿ,ಕೆಲ ಹಳ್ಳಗಳಲ್ಲಿ ಆನೆಗಳು ಗುಂಡಿ ತೋಡಿ ನೀರು ಕುಡಿದು ಹೋಗಿರುತ್ತವೆ.,1,1
ಗುಂಡಿ,ಪ್ರತಾಪ್ ಗ್ರೌಂಡ್ ರಿಯಾಲಿಟಿ ಎಂಟರ್‌ಪ್ರೈಸಸ್ ಎಂಬ ಸಂಸ್ಥೆಯನ್ನು ಕಟ್ಟಿ ಅದರ ಮೂಲಕವೇ ಗುಂಡಿ ಮುಚ್ಚುವ ಅಭಿಯಾನ ಆರಂಭಿಸಿದ್ದಾರೆ.,1,1
ಗುಂಡಿ,"ಎಲ್ಲರೂ ಒಟ್ಟಿಗೆ ಸೇರಿ ಹೊಲದ ಬದಿಯಲ್ಲಿ ಗುಂಡಿ ತೋಡಿ, ಅದರೊಳಗೆ ಕುಳ್ಳು, ಕಟ್ಟಿಗೆ ಹಾಕಿ ಗಟ್ಟಿ ಕೆಂಡ ಮಾಡಿ ಜೋಳದ ತೆನೆ ಸುಡಲು ಸಜ್ಜಾಗುವುದು ವಿಶೇಷ.",1,1
ಗುಂಡಿ,ಎದೆಗೆ ಎರಡು ಗುಂಡಿ ಬಿಟ್ಟ ಅಂಗಿ ನೋಡಿಕೊಂಡ.,2,2
ಗುಂಡಿ,"ಅಲ್ಲೇನಿದ್ದರೂ ವಿದೇಶದಲ್ಲಿ ಕುಳಿತ ಪ್ರೇಕ್ಷಕರು, ವಿಮರ್ಶಕರು ಭಾರತದ ಕೊಳಚೆ ಗುಂಡಿ ನೋಡಿ ಪಾಪ ಅನ್ನಬೇಕು, ಇದು ಸಾಕ್ಷಾತ್ ಭಾರತದ ದರ್ಶನ ಎಂದುಕೊಂಡು ಪ್ರಶಸ್ತಿ ಕೊಡಬೇಕು.",1,1
ಗುಂಡಿ,"ಆದರೆ ಬರೀ ನೆಲದಲ್ಲಿ ಗುಂಡಿ ತೋಡಿ ಅಲ್ಲಿ ವೇದಿಕೆ ಸೃಷ್ಟಿಸಿ, ಸಾವಿರಾರು ಜನರನ್ನು ಸೇರಿಸಿ, ಅವರಿಗೆ ಸತ್ಯದ ಪಾಠ ಹೇಳುವ ಕೆಲಸ ಇದೆಯಲ್ಲ, ಅದು ಲಕ್ಷದಲ್ಲಿ ಒಬ್ಬರಿಂದ ಮಾತ್ರ ಸಾಧ್ಯ.",1,1
ಗುಂಡಿ,ಕೆ.ಎನ್.ಪಿ.ಯುಟ್ಯೂಬ್ ಚಾನಲ್ ಗಾಗಿ ಈ ಗುಂಡಿ ಒತ್ತಿರಿ,2,2
ಗುಂಡಿ,ಗುಂಡಿ ತೋಡಲು ತಾನು ಸಹಾಯ ಮಾಡಿದೆ ಹಾಗೂ ಹತ್ಯೆಯ ಮೇಲುಸ್ತುವಾರಿ ವಹಿಸಿದೆ ಎಂದು ಅವನು ಹೇಳುತ್ತಾನೆ.,1,1
ಗುಂಡಿ,ಅಲ್ಲಿ ನಿಮ್ಮXML file ಅನ್ನು ಸೇರ್ಪಡೆಗೊಳಿಸಿ ಅಪ್ಲೋಡ್ ಗುಂಡಿ ಒತ್ತಿದರೆ ಒಂದೆರಡು ನಿಮಿಷಗಳ ಒಳಗಾಗಿ ನಿಮ್ಮ ಪಾವತಿ ಸಲ್ಲಿಸಲ್ಪಟ್ಟು ನಿಮ್ಮ ಇ-ಮೇಲ್ ವಿಳಾಸಕ್ಕೆ ಒಂದು ಪತ್ರ ಬರುತ್ತದೆ.,2,2
ಗುಂಡಿ,ಸದನಕ್ಕೆ ಬರುವಾಗ ಸರಿಯಾಗಿ ಶರ್ಟ್​ ಗುಂಡಿ ಹಾಕಿ: ನೂತನ ಶಾಸಕರಿಗೆ ಸ್ಪೀಕರ್​ ಕ್ಲಾಸ್​ - Kannada Today - ಕನ್ನಡ ಟುಡೇ - Digital News,2,2
ಗುಂಡಿ,ರಸ್ತೆ ಗುಂಡಿ ಮುಚ್ಚಲು ಬಿಬಿಎಂಪಿಗೆ ಮೂರು ದಿನ ಗಡುವು ನೀಡಿದ ಹೈಕೋರ್ಟ್‌,1,1
ಗುಂಡಿ,ಮಕ್ಕಳನ್ನು ಗುಂಡಿ ತೋಡಲು ಬಳಸಿಕೊಳ್ಳಬಾರದು~ ಎಂದು ಆದೇಶಿಸಿದರು.,1,1
ಗುಂಡಿ,ಸೆ.24ರೊಳಗೆ ಗುಂಡಿ ಮುಕ್ತ ಬೆಂಗಳೂರು: ಹೈಕೋರ್ಟ್ ಡೆಡ್ ಲೈನ್,1,1
ಗುಂಡಿ,ನೀವು ಓಡಾಡುವ ರಸ್ತೆಯಲ್ಲಿ ಗುಂಡಿ ಬಿದ್ದಿದೆಯೇ?,1,1
ಗುಂಡಿ,"ನಂತರ ನ್ಯೂ ಬಿಇಎಲ್ ರಸ್ತೆಯಲ್ಲಿ ಫೈಥಾನ್ ಯಂತ್ರದಿಂದ ಗುಂಡಿ ಮುಚ್ಚುವ ಕಾರ್ಯ ನಡೆಯುತ್ತಿದ್ದು, ಅದನ್ನು ವೀಕ್ಷಿಸಿದರು.",1,1
ಗುಂಡಿ,ಇಂಗು ಗುಂಡಿ ನಿರ್ಮಾಣ ಎಲ್ಲರ ಜವಾಬ್ದಾರಿ: ವಿಜಯ್ ಕುಮಾರ್,1,1
ಗುಂಡಿ,ಗುಂಡಿ - ವಿಕಿಪೀಡಿಯ,2,1
ಗುಂಡಿ,ಬಿಬಿಎಂಪಿಗೆ ಬೇಕಾಗುತ್ತದೆ.[ನಿಮ್ಮ ಏರಿಯಾದಲ್ಲೂ ರಸ್ತೆ ಗುಂಡಿ ಇದ್ದರೆ ಚಿತ್ರ ತೆಗೆದು ಕಳಿಸಿ],1,1
ಗುಂಡಿ,"ಇನ್ನೂ ವಿಚಿತ್ರವೆಂದರೆ, ಇಂಗು ಗುಂಡಿ ಮಾಡಿ ಭೂಮಿಗೆ ನೀರುಣಿಸಿದರೆ, ಅಕ್ಕಪಕ್ಕದವರ ಮನೆ ಬೋರ್‌ವೆಲ್‌ಗಳಿಗೆ ಸಹಾಯವಾಗುತ್ತದೆ, ಈ ಕೆಲಸವೇ ಬೇಡ.",1,1
ಗುಂಡಿ,"ಶಾಶ್ವತ ಪರಿಹಾರಕ್ಕೆ ಡೆಂಡರ್‌ ಶ್ಯೂರ್ ರಸ್ತೆ ಗುಂಡಿಗಳನ್ನು‌ ಮುಚ್ಚುವುದು ಒಂದೆಡೆಯಾದರೆ, ಗುಂಡಿ ಬೀಳದಂತಹ ರಸ್ತೆ ನಿರ್ಮಾಣ ಕಾರ್ಯ ಕೂಡ ನಡೆಯುತ್ತಿದೆ.",1,1
ಗುಂಡಿ,"ಹೀಗಲ್ಲದೆ, “ಗಣಿತದ ಅಂಕುಡೊಂಕು ನಮಗಲ್ಲ, ಗುಂಡಿ ಒತ್ತಿ ಫಲಿತಾಂಶ ಪಡೆದರೆ ಮುಗಿದು ಹೋಯಿತು” ಎಂಬ ಕೊಂಕುನುಡಿ ನಿಮ್ಮ ನಿಲವಾದರೆ ಅಷ್ಟರಮಟ್ಟಿಗೆ ಗಣಿತಾನಂದದಿಂದ ನೀವು ವಂಚಿತರಾಗಿರುತ್ತೀರಿ.",2,2
ಗುಂಡಿ,"ಜನರ ಒತ್ತಡ, ಮಾಧ್ಯಮಗಳಲ್ಲಿ ನಿತ್ಯವೂ ರಸ್ತೆ ಸಮಸ್ಯೆ ಬಿತ್ತರವಾಗುತ್ತಿರುವುದರ ಪರಿಣಾಮ ಬಿಬಿಎಂಪಿ ಗುಂಡಿ ಮುಚ್ಚಲು ಮುಂದಾಗಿದೆ.",1,1
ಗುಂಡಿ,"ನೀವು ಬಳಕೆದಾರ ಗುಂಡಿ - feed.css ಸ್ಟೈಲ್ಶೀಟ್ ಕಸ್ಟಮೈಸ್ ಮಾಡಲು ಬಯಸಿದರೆ, ನೀವು ನಿಮ್ಮ ಸಕ್ರಿಯ ಥೀಮ್ ಫೋಲ್ಡರ್ನಲ್ಲಿ ಇದು ಇರಿಸಬಹುದು, ಮತ್ತು ಬಳಕೆದಾರ ಲಿಂಕ್ ಫೀಡ್ ಅಲ್ಲಿ ಕಾಣಬಹುದು ( ಬಳಕೆದಾರ ಲಿಂಕ್ ಫೀಡ್ ನವೀಕರಿಸುವಾಗ ರೀತಿ ನಿಮ್ಮ ಸ್ಟೈಲ್ಶೀಟ್ ಗ್ರಾಹಕೀಕರಣ ಕಳೆದುಕೊಳ್ಳುವುದಿಲ್ಲ ) .",2,2
ಗುಂಡಿ,ಅವುಗಳಲ್ಲಿ ನಿಮಗೆ ಬೇಡವಾದವುಗಳನ್ನು ಎದುರಿಗಿರುವ ಮುಚ್ಚು ಗುಂಡಿ ಒತ್ತುವ ಮೂಲಕ ತೆಗೆದುಹಾಕಬಹುದು.,2,2
ಗುಂಡಿ,ಸೋಮವಾರದೊಳಗೆ ನಗರದ ಎಲ್ಲಾ ರಸ್ತೆ ಗುಂಡಿಗಳನ್ನು ಮುಚ್ಚಲಾಗಿದೆ ಎಂದು ಕೋರ್ಟ್‍ಗೆ ಮಾಹಿತಿ ನೀಡಬೇಕಾದ್ದರಿಂದ ರಜಾ ದಿನಗಳಲ್ಲೂ ಕಾಮಗಾರಿ ನಡೆಸಲಾಗುತ್ತಿದ್ದರೂ ಪೂರ್ತಿ ಗುಂಡಿ ಮುಚ್ಚಲು ಬಿಬಿಎಂಪಿ ಅಧಿಕಾರಿಗಳಿಗೆ ಸಾಧ್ಯವಾಗಿರಲಿಲ್ಲ.,1,1
ಗುಂಡಿ,"ನಿಧಿಯ ಆಸೆಗೆ ಶಿವಲಿಂಗವನ್ನು ಸರಿಸಿ, ಅದರ ಕೆಳಗೆ 4 ಅಡಿ ಗುಂಡಿ ತೋಡಿದ ಘಟನೆ ಚಿಕ್ಕಮಗಳೂರು Read more…",1,1
ಗುಂಡಿ,ಇಂದು ಮತ್ತೆ ಅರ್ಜಿ ವಿಚಾರಣೆ: ಗುಂಡಿ ಮುಚ್ಚುವ ಕಾರ್ಯ ಮುಂದುವರೆಸಲು ಸೂಚನೆ,1,1
ಗುಂಡಿ,ಇಗ್ಗಲೂರಿನ ಪಂಪ್ ಹೌಸ್ ಬಳಿ ಗುಂಡಿ ಒತ್ತುವ ಮೂಲಕ ನೀರು ಪೂರೈಸುವ ಕಾಮಗಾರಿಗೆ ಜಿಲ್ಲಾ ಉಸ್ತುವಾರಿ ಸಚಿವ ಸಿ.ಪಿ.,2,2
ಗುಂಡಿ,ಹತ್ತು ಸಲ ಗುಂಡಿ ಒತ್ತಬಹುದು.,2,2
ಗುಂಡಿ,"September 20, 2018 ಗುಂಡಿ ಮುಕ್ತ ಬೆಂಗಳೂರಿಗೆ ಗಡುವು",1,1
ಗುಂಡಿ,ಅಮ್ಮ ನಸುನಗುತ್ತಾ ಕುತೂಹಲದಿಂದ ಗುಂಡಿ ಒತ್ತಿದರು.,2,2
ಗುಂಡಿ,ಮಹಾತ್ಮ ಗಾಂಧಿ ರಾಷ್ಟ್ರೀಯ ಗ್ರಾಮೀಣ ಉದ್ಯೋಗ ಖಾತ್ರಿ ಯೋಜನೆಯಡಿ ಗ್ರಾಮೀಣ ಮೂಲಭೂತ ಸೌಕರ್ಯದಡಿ ದ್ರವ ತ್ಯಾಜ್ಯ ವಸ್ತುಗಳ ನಿರ್ವಹಣೆ ಮಾಡಲು ಇಂಗು ಗುಂಡಿ ಕಾಮಗಾರಿಯನ್ನು ಅನುಷ್ಟಾನಗೊಳಿಸಲು ಇದೀಗ ಅವಕಾಶ ಕಲ್ಪಿಸಲಾಗಿದೆ.,1,1
ಗುಂಡಿ,ಹೀಗಾಗಿ ಇದಕ್ಕೂ ಮುನ್ನವೇ ಗುಂಡಿ ಮುಚ್ಚುವ ಕೆಲಸವನ್ನು ಮಾಡಲಾಗುತ್ತಿದೆ.‌ ನಗರದ ಬಹುತೇಕ ಕಡೆ ಗುಂಡಿ ಬಿದ್ದಿದ್ದ ಬಗ್ಗೆ ಬಿಬಿಎಂಪಿಗೆ ದೂರುಗಳು ಬಂದಿವೆ.,1,1
ಗುಂಡಿ,ಎಲ್ಲಾ ಕಡೆ ರಸ್ತೆ ಗುಂಡಿ ಮುಚ್ಚುವುದಕ್ಕೆ ಅನುದಾನ ನೀಡಿದ್ದೇವೆ.,1,1
ಗುಂಡಿ,ಕೆಲವೆಡೆ ಕಾಮಗಾರಿ ಮುಗಿದರೂ ಗುಂಡಿ ಮುಚ್ಚದ ಕಾರಣ ಸಂಚಾರ ಕಷ್ಟವಾಗಿದೆ.,1,1
ಗುಂಡಿ,"ಅಲ್ಲದೆ, ಈಗಾಗಲೇ ಗುಂಡಿ ಮುಚ್ಚಿರುವ ಕಾಮಗಾರಿಯ ಗುಣಮಟ್ಟ ಪರಿಶೀಲನೆ ನಡೆಸಲು ಇಬ್ಬರು ಕಮಿಷನರ್‌ಗಳನ್ನು ನೇಮಿಸಿ ಸಮಗ್ರ ವರದಿ ನೀಡುವಂತೆ ಆದೇಶಿಸಿದೆ.",1,1
ಗುಂಡಿ,"ಶರ್ಟ್​ಗಳ ಗುಂಡಿ ಹಾಕಿಕೊಂಡು ಬರಬೇಕು ಎಂದು ಶಾಸಕರಿಗೆ ಶಿಸ್ತಿನ ಪಾಠ ಮಾಡಿದ್ದಾರೆ, ಮೊದಲ ಬಾರಿಗೆ 61 ಶಾಸಕರು ಆಯ್ಕೆಯಾಗಿದ್ದು, ವಿಧಾನ ಪರಿಷತ್‌ನ 17 ಸದಸ್ಯರು ಸೇರಿ ಒಟ್ಟು 78 ಶಾಸಕರಿಗೆ ವಿಧಾನಸಭೆ, ಪರಿಷತ್‌ ನಡಾವಳಿಗಳ ಬಗ್ಗೆ ಹಿರಿಯ ಶಾಸಕರೂ ಆದ ಸ್ಪೀಕರ್ ಪಾಠ ಮಾಡಿದರು.",2,2
ಗುಂಡಿ,Home ಬೆಳಗಾವಿ ಬೆಳಗಾವಿ ನಗರ ರಸ್ತೆ ಗುಂಡಿ ಮುಚ್ಚುವಂತೆ ಏಕಾಂಗಿ ಪ್ರತಿಭಟನೆ,1,1
ಗುಂಡಿ,"“Oparışam” ನೂರು ವರ್ಷಗಳ ಸಾಕಷ್ಟು, ಗುಂಡಿ ಶೌಚಾಲಯ ಒಂದು ವಜ್ರ ಕೇಂದ್ರದೊಂದಿಗೆ ಪ್ರಸಿದ್ಧ ದೇಶದ ಮಾಡಲು.",1,2
ಗುಂಡಿ,"ಬೆಂಗಳೂರಿನಲ್ಲಿ ರಸ್ತೆ ಗುಂಡಿ ಮುಚ್ಚುವ ವಿಚಾರಕ್ಕೆ ಸಂಬಂಧಿಸಿದಂತೆ ಹೈಕೋರ್ಟ್ ವಿಭಾಗೀಯ ಪೀಠದಲ್ಲಿ ಇಂದು ನಡೆದ ಪಿಐಎಲ್ ವಿಚಾರಣೆಯಲ್ಲಿ ಉತ್ತರಿಸಿದ ಬಿಬಿಎಂಪಿ, ಕಳೆದ 15 ದಿನಗಳಿಂದ ರಸ್ತೆಗುಂಡಿ ಮುಚ್ಚಿಲ್ಲ, 43 ಪ್ರದೇಶಗಳ ಪೈಕಿ 16 ಕಡೆ ಮುಚ್ಚಿದ್ದೇವೆಂದು ಹೇಳಿದೆ.",1,1
ಗುಂಡಿ,"ಅದಕ್ಕಿಂತ ಆಳವಾಗಿ ಗುಂಡಿ ಬಿದ್ದಿದ್ದರೆ ಜಲ್ಲಿ ಕಲ್ಲು, ಮರಳು, ಮಿಶ್ರಣ ಹಾಕಿ ಹಾಗೂ ಆ ನಂತರ ಡಾಂಬರು ಹಾಕಲಾಗುತ್ತದೆ ಎನ್ನುತ್ತಾರೆ ಪಾಲಿಕೆ ಅಧಿಕಾರಿಗಳು.",1,1
ಗುಂಡಿ,"ಬಳಕುಂಜೆ ಹಾಗೂ ಐಕಳ ಗ್ರಾಮ ಪಂಚಾಯತ್ ವ್ಯಾಪ್ತಿಯಲ್ಲಿನ ಶಾಂಭವಿ ನದಿ ಉಕ್ಕಿ ಹರಿದು ಪೆರ್ಗುಂಡಿ, ಕರಿಯತ್ತಲ ಗುಂಡಿ ಉಳೆಪಾಡಿ, ಪಟ್ಟೆ ಕ್ರಾಸ್ ಮತ್ತಿತರ ಪ್ರದೇಶದಲ್ಲಿ ತಗ್ಗು ಪ್ರದೇಶ ಜಲಾವೃತಗೊಂಡಿದ್ದು, ನೂರಾರು ಎಕರೆ ಕೃಷಿ ಭೂಮಿ ನಾಶವಾಗಿದೆ.",1,2
ಗುಂಡಿ,ಸಾಮಾಜಿಕ ಅರಣ್ಯ ಇಲಾಖೆಗೆ ಸಂಬಂಧಿಸಿದ ಗುಂಡಿ ತೆಗೆಯುವ ಮತ್ತು ಸಸಿ ನೆಡುವ ಕಾಮಗಾರಿಯಲ್ಲಿ ಸುಮಾರು 70ಕ್ಕೂ ಅಧಿಕ ಕೂಲಿಕಾರರು ಕೆಲಸ ಮಾಡಿದ್ದರು.,1,2
ಗುಂಡಿ,ಅಭಿಮಾನಿಗಳ ವಿರೋಧದ ನಡುವೆಯೇ ಈ ತೀರ್ಮಾನ ಕಾರ್ಯರೂಪಕ್ಕೂ ಬಂತು; ವಿಜ್ಞಾನಿಯೊಬ್ಬರ ಕೈಬೆರಳುಗಳು ಕ್ಯಾಮೆರಾದ ಗುಂಡಿ ಒತ್ತಿ ಅದನ್ನು ಆರಿಸುತ್ತಿರುವ ಚಿತ್ರದೊಡನೆ ಕಾಫಿಯಂತ್ರದ ಚಿತ್ರಯಾತ್ರೆ ಮುಕ್ತಾಯವಾಯಿತು.,2,2
ಗುಂಡಿ,ಅನಗತ್ಯವಾಗಿ ಹರಿದು ಹೋಗುವ ನೀರನ್ನು ಗುಂಡಿ ಮೂಲಕ ಭೂಮಿಗೆ ಇಂಗುವಂತೆ ಮಾಡಬೇಕು.,1,2
ಗುಂಡಿ,ಬೇರೆ ವಿಭಾಗದ ಅಧಿಕಾರಿಗಳನ್ನು ರಸ್ತೆ ಗುಂಡಿ ಮುಚ್ಚುವ ಕಾರ್ಯಕ್ಕೆ ಬಳಸಿಕೊಳ್ಳುತ್ತಿದ್ದೇವೆ.,1,1
ಗುಂಡಿ,"ರಾಷ್ಟ್ರೀಯ ಹೆದ್ದಾರಿ 169ರಲ್ಲಿ ಅಲ್ಲಲ್ಲಿ ಗುಂಡಿ ಉಂಟಾಗಿದ್ದಲ್ಲದೆ, ಕೆಲವು ಭಾಗಗಳಲ್ಲಿ ಡಾಮರು ಕಿತ್ತುಹೋಗಿದೆ.",1,1
ಗುಂಡಿ,"ತಿಲಕ್​ರಾಜ್ ಚನ್ನಪಟ್ಟಣ ಎಲ್ಲೆಂದರಲ್ಲಿ ಬಿದ್ದಿರುವ ಕಸ, ಗಬ್ಬು ನಾರುತ್ತಿರುವ ಚರಂಡಿ, ಅಲ್ಲಲ್ಲಿ ಡಾಂಬರೀಕರಣವಾಗಿದ್ದರೂ ಗುಂಡಿ ಬಿದ್ದಿರುವ ರಸ್ತೆಗಳು… ಇವು ಪಟ್ಟಣದ 10ನೇ ವಾರ್ಡ್​ನ ಪ್ರಮುಖ ಸಮಸ್ಯೆಗಳು.",1,1
ಗುಂಡಿ,ಗುಂಡಿ ಕಂಡಲ್ಲಿ ತಕ್ಷಣವೇ ಕ್ರಮ ಕೈಗೊಳ್ಳುವಂತೆ ಅಧಿಕಾರಿಗಳಿಗೆ ನಿರ್ದೇಶಿಸಿದ್ದೇವೆ.,1,1
ಗುಂಡಿ,"ಸಾವಿರ ಗುಂಡಿ ಪತ್ತೆ: ಬೆಂಗಳೂರಿನ ರಸ್ತೆಗಳಲ್ಲಿ 6 ಸಾವಿರ ಗುಂಡಿಗಳನ್ನು ಗುರುತಿಸಲಾಗಿದ್ದು, ಇವುಗಳನ್ನು ಮುಚ್ಚುವ ಕೆಲಸ ನಡೆಯುತ್ತಿದೆ ಎಂದು ಉಪಮುಖ್ಯಮಂತ್ರಿ ಪ್ರತಿಕ್ರಿಯೆ ನೀಡಿದರು.",1,1
ಗುಂಡಿ,"ಕರಾವಳಿ, ಮಲೆನಾಡು ಸೇರಿದಂತೆ ನಾನಾ ಕಡೆ ಮಳೆ ಸುರಿದು ರಸ್ತೆಗಳು ಹಾಳಾಗಿ ಅನೇಕ ಕಡೆ ಗುಂಡಿ ಬಿದ್ದಿವೆ, ಮನೆ ಕುಸಿದು ಬಿದ್ದಿವೆ.",1,1
ಗುಂಡಿ,ನಮ್ಮದೇನಿದ್ದರೂ ರಸ್ತೆ ಗುಂಡಿ ಮುಚ್ಚುವುದು ಮತ್ತು ಮಳೆ ಹಾನಿಗೆ ಪರಿಹಾರ ನೀಡುವ ಕೆಲಸ ಮಾತ್ರ ಎಂದೂ ಅವರು ಲಘು ಧಾಟಿಯಲ್ಲಿ ಹೇಳಿದರು.,1,1
ಗುಂಡಿ,ಒಂದೇ ರಾತ್ರಿಯಲ್ಲಿ 871 ಗುಂಡಿ ಮುಚ್ಚಿದ್ದೇವೆ : ಮೇಯರ್,1,1
ಗುಂಡಿ,"ನಗರದ ಸೌಂದರ್ಯವನ್ನು ಮರುಸ್ಥಾಪಿಸುವ ನಿಟ್ಟಿನಲ್ಲಿ ಫ್ಲೆಕ್ಸ್‌, ಬ್ಯಾನರ್‌ ಮತ್ತು ಹೋರ್ಡಿಂಗ್‌ ತೆರವುಗೊಳಿಸುವುದು, ರಸ್ತೆಯ ಗುಂಡಿ ಮುಚ್ಚುವುದು ಮತ್ತು ಅವುಗಳ ಗುಣಮಟ್ಟ ಪರಿಶೀಲನೆಗೆ ತಜ್ಞರ ತಂಡ ನೇಮಿಸುವ ಮೂಲಕ ಆಡಳಿತ ವ್ಯವಸ್ಥೆ ನಂಬಿಕೆಗೆ ಅರ್ಹವಲ್ಲ ಎಂಬ ಸಂದೇಶವನ್ನು ಕೋರ್ಟ್ ಸೂಚ್ಯವಾಗಿ ರವಾನಿಸಿದೆ.",1,1
ಮಂಡಿ,ಮಂಡಿ ಚಿಪು್ಪ ಬದಲಾವಣೆಗೆ ವಿವಿಧೆಡೆ ವಿಧಿಸಲಾಗುತ್ತಿರುವ ದರದಲ್ಲಿ ಭಾರಿ ವ್ಯತ್ಯಾಸ ಕಂಡುಬಂದಿರುವ ಹಿನ್ನೆಲೆಯಲ್ಲಿ ಇಂಥದ್ದೊಂದು ಚಿಂತನೆಗೆ ಕೇಂದ್ರ ಸರ್ಕಾರ ಮುಂದಾಗಿದೆ.,1,1
ಮಂಡಿ,ಪ್ರಧಾನಿ ವಾಜಪೇಯಿ ಅವರಿಗೆ ಜೋಡಿಸಿರುವ ಕೃತಕ ಮಂಡಿ ಚಿಪ್ಪಿಗಿಂತಲೂ ಗುಣಮಟ್ಟದಲ್ಲಿ ಅತ್ಯುತ್ಕೃಷ್ಟವಾದ ಮಂಡಿಚಿಪ್ಪನ್ನು ಅಣ್ಣಾವ್ರಿಗೆ ಅಳವಡಿಸಲಾಗಿದೆ ಎಂದು ಶಸ್ತ್ರ ಚಿಕಿತ್ಸೆ ನಂತರ ಸುದ್ದಿಗಾರರೊಂದಿಗೆ ಮಾತನಾಡಿದ ರಾಜ್‌ ಕುಟುಂಬ ವೈದ್ಯ ಡಾ.ರಮಣ ರಾವ್‌ ತಿಳಿಸಿದರು.,1,1
ಮಂಡಿ,"ಸದ್ಯ ರಾಜ್ಯ ಕಾಂಗ್ರೆಸ್ ನಾಯಕರು ಜಾಣತನದಿಂದಲೇ ಅತೃಪ್ತರನ್ನು ಒಲಿಸಿಕೊಳ್ಳುವ ಪ್ರಯತ್ನ ಮಾಡುತ್ತಿದ್ದು, ಸಾಲು-ಸಾಲು ರಾಜ್ಯ ಮುಖಂಡರು ಒಬ್ಬರ ಹಿಂದೊಬ್ಬರು ಅತೃಪ್ತರ ಮುಂದೆ ಮಂಡಿ ಊರುತ್ತಿದ್ದಾರೆ ಆದರೆ ಎಂ.ಬಿ.ಪಾಟೀಲ ಅವರ ಹಠದ ಮುಂದೆ ಎಲ್ಲರೂ ಸೋಲುತ್ತಿದ್ದಾರೆ.",1,1
ಮಂಡಿ,ಪೃಷ್ಠದ ಕೆಳಗಿನ ಮೂಳೆ ಹಾಗೂ ಮಂಡಿ ನೋವಿನಿಂದ ಈಗ ರಾಜ್‌ಕುಮಾರ್‌ ಸಂಪೂರ್ಣ ಗುಣಮುಖರಾಗಿದ್ದಾರೆ.,1,1
ಮಂಡಿ,"ನನ್ನ ಹೆಸರು ಮಂಜುನಾಥ್ ನನ್ನ ಮೊಬೈಲ್ ನಂಬರ್ 9740093720,ನಮ್ಮದು ಶಿಡ್ಲಘಟ್ಟ ಬಳಿ ಯಣ್ಣಂಗುರೂ,ವೃತ್ತಿಯಲ್ಲಿ ವೆಲ್ಡಿಂಗ್ ಕೆಲಸ ಮಾಡುವುದು,ನಮ್ಮ ತಾಯಿಯವರಿಗೆ ಸುಮಾರು ವರ್ಷಗಳಿಂದ ಮಂಡಿ ನೋವು ಇತ್ತು,ಆರು ತಿಂಗಳ",1,1
ಮಂಡಿ,ಅವರಿಗೂ ವಯಸ್ಸಿಗನುಗುಣವಾಗಿ ಮಂಡಿ ನೋವು ಬಂದಿತ್ತು.,1,1
ಮಂಡಿ,ಬಿದ್ದು ಮಂಡಿ ಕೆತ್ತಿಹೋಗಿದ್ದು ಗೊತ್ತಿಲ್ಲ.,1,1
ಮಂಡಿ,ಮಂಡಿ ನೋವಿಗೆ ಇಲ್ಲಿದೆ ಪರಿಹಾರ,1,1
ಮಂಡಿ,ನಂತರ ಕಾಡಿನಿಂದ ನಾಡಿಗೆ ರಾಜ್ ಹಿಂತಿರುಗಿದ ಬಳಿಕ ಮಂಡಿ ನೋವಿನಿಂದ ಬಳಲುತ್ತಿದ್ದರು.,1,1
ಮಂಡಿ,ಕೆಲವರು ಮಂಡಿ ವ್ಯವಹಾರಸ್ಥರು ರೈತರಿಗೆ ಚೆಕ್ ಪಾವತಿ ಮಾಡುತ್ತಿದ್ದಾರೆ.,2,2
ಮಂಡಿ,"ಸಾಮ್ರಾಜ್ಯವು ಪೂರ್ವದಿಂದ ಪಶ್ಚಿಮಕ್ಕೆ ೧೬೭ ಮೈಲಿಗಳು (೨೬೯ ಕೀ.) ಹಾಗು ಉತ್ತರದಿಂದ ದಕ್ಷಿಣಕ್ಕೆ ೧೩೩ ಮೈಲಿ (೨೧೪ ಕೀ.) ವಿಸ್ತರಿಸಿತ್ತು, ಈ ರೀತಿಯಾಗಿ ಗುಡ್ಡಗಾಡಿನ ರಾಜ್ಯಗಳಾದ ಚಂಬಾ, ಮಂಡಿ ಹಾಗು ಸುಕೆತ್ (ಹಿಮಾಚಲ ಪ್ರದೇಶ) ಹಾಗು ಸತದ್ರು ಅಥವಾ ಸಿರ್ಹಿಂದ್ ಸಮತಲ ಪ್ರದೇಶಗಳನ್ನು ಒಳಗೊಂಡಿತ್ತು.",2,2
ಮಂಡಿ,"ಶ್ಯಾಮ್ ಬೆನಗಲ್ ರವರ ಮಂಡಿ (1983) ಚಲನಚಿತ್ರದೊಂದಿಗೆ ಪ್ರಾರಂಭಿಸಿ, 1983 ರಲ್ಲಿ ಕುಂದನ್ ಶಾ ರವರ ಜಾನೆ ಬಿ ದೋ ಯಾರೋ ಎಂಬ ಹಾಸ್ಯ ಪ್ರಧಾನ ಚಲನಚಿತ್ರದಲ್ಲಿ ಮತ್ತೊಮ್ಮೆ ಕಾಣಿಸಿಕೊಂಡರು.",2,2
ಮಂಡಿ,"ನಿರ್ದೇಶಿಸಿದ ಚಿತ್ರಗಳು : ಅಂಕುರ್ (೧೯೭೩), ನಿಶಾಂತ್ (೧೯೭೫), ಮಂಥನ್ (೧೯೭೬), ಭೂಮಿಕಾ (೧೯೭೭), ಜುನೂನ್ (೧೯೭೮), ಕಲಯುಗ್ (೧೯೮೧), ಮಂಡಿ (೧೯೮೩), ತ್ರಿಕಾಲ್ (೧೯೮೫), ಸೂರಜ್ ಕಾ ಸಾತ್ವಾ ಘೋಡಾ (೧೯೯೨), ಮಮ್ಮೊ (೧೯೯೫), ಸರ್ದಾರಿ ಬೇಗಮ್ (೧೯೯೬), ದ ಮೇಕಿಂಗ್ ಆಫ್ ಮಹಾತ್ಮಾ (೧೯೯೬), ಸಮರ್ (೧೯೯೯), ಜುಬೇದಾ (೨೦೦೧), ದ ಫಾರ್‌ಗಾಟನ್ ಹಿರೋ (೨೦೦೫), ವೆಲಕಮ್ ಟು ಸಜ್ಜನಪುರ್ (೨೦೦೮).",2,2
ಮಂಡಿ,ಬಾಳೆಹಣ್ಣಿನ ಮಂಡಿ ನೋಡಬೇಕು.,2,2
ಮಂಡಿ,ಈ ಅಕ್ಕಿ ಮಂಡಿ ನೋವು ನಿವಾರಣೆಗೆ ಅತ್ಯಂತ ಪ್ರಯೋಜಕಾರಿ.,1,1
ಮಂಡಿ,ನಿಮ್ಮ ಮಂಡಿ ನೋವಿಗೆ ನೀವು ತೆಗೆದುಕೊಳ್ಳಬೇಕಾದ ಕ್ರಮವೆಂದರೆ ತೂಕ ಇಳಿಸುವುದಾಗಿದೆ.,1,1
ಮಂಡಿ,ವಾಜಪೇಯಿ 2001 ನೇ ಇಸವಿಯಲ್ಲಿ ಮುಂಬೈನ ಹೆಸರಾಂತ ಆಸ್ಪತ್ರೆಯೊಂದರಲ್ಲಿ ಮಂಡಿ ಚಿಪ್ಪು ಬದಲಿ ಶಸ್ತ್ರ ಚಿಕಿತ್ಸೆಗೆ ಒಳಗಾಗಿದ್ದರು.,1,1
ಮಂಡಿ,ಅತಿಯಾದ ತೂಕ ಮಂಡಿಗಳ ಮೇಲೆ ಒತ್ತಡ ಹೇರುವುದರಿಂದ ಮಂಡಿ ನೋವು ಉದ್ಭವಿಸುತ್ತದೆ.,1,1
ಮಂಡಿ,ಮಂಡಿ ನೋವು ಜಾಸ್ತಿಯಾಗಿ ಅದಕ್ಕೆ ಚಿಕಿತ್ಸೆ ಮಾಡಿಸಿದ ಕೆಲದಿನಗಳ ನಂತರ ಹೃದಯದಲ್ಲಿ ಸಣ್ಣ ಚಿಕಿತ್ಸೆಯು ಆಯಿತು.,1,1
ಮಂಡಿ,"ಗಾಯಾಳುಗಳನ್ನು ಕೆ.ಆರ್.ಆಸ್ಪತ್ರೆಗೆ ದಾಖಲು ಮಾಡಲಾಗಿದ್ದು, ಮಂಡಿ ಮೊಹಲ್ಲಾ ಪೊಲೀಸ್ ಠಾಣೆಯಲ್ಲಿ ಪ್ರಕರಣ ದಾಖಲಾಗಿದೆ.",1,2
ಮಂಡಿ,ಮಂಡಿ ನೋವು ಮತ್ತು ಊತಗಳಿಗೆ ಸರಳ ಉಪಾಯಗಳು ಇಲ್ಲಿವೆ..!,1,1
ಮಂಡಿ,3) ಅನಂತರ ಉಸಿರನ್ನು ನಿಧಾನವಾಗಿ ಹೊರಕ್ಕೆ ಬಿಡುತ್ತಾ ಸಾಧ್ಯವಾದಷ್ಟೂ ಮುಂದಕ್ಕೆ ಬಗ್ಗಿ ಎರಡೂ ಕೈಗಳ ಅಂಗೈಗಳನ್ನು ಮಂಡಿ ಬಗ್ಗಿಸದೇ (ಸೂರ್ಯ ನಮಸ್ಕಾರ 3ರ ಸ್ಥಿತಿಯಂತೆ) ನೆಲದಲ್ಲಿ ಇಡಬೇಕು.,1,1
ಮಂಡಿ,ಖಾಕಿ ಬಣ್ಣದ ಹಾಳೆಯಲ್ಲಿ ಸುತ್ತಿದ ಪೊಟ್ಟಣದಲ್ಲಿ ಮಾತ್ರೆಗಳನ್ನು ಇಡಲಾಗಿತ್ತು ಎಂದು ಮಂಡಿ ಠಾಣೆಯ ಪೊಲೀಸರು ಮಾಹಿತಿ ನೀಡಿದ್ದಾರೆ.,2,2
ಮಂಡಿ,ಎಡಗಾಲಿನ ಮಂಡಿ ಚಿಪ್ಪು ಮುರಿದಿರುವ ಕಾರಣ ಹೀಗಾಗುತ್ತಿದೆ.,1,1
ಮಂಡಿ,ಓಪನ್ ಜಯವನ್ನು ಮಹಾ ಕಾರ್ಯವೆಂದು ಪ್ರತಿಪಾದಿಸಿದವು ಮತ್ತು ಮಂಡಿ ಗಾಯದ ಪ್ರಮಾಣವನ್ನು ತಿಳಿಸಿದ ನಂತರ ಅವರ ಪ್ರಯತ್ನಗಳನ್ನು ಶ್ಲಾಘಿಸಿದವು.,1,1
ಮಂಡಿ,ಗುಲ್ ಮಂಡಿ (1),2,2
ಮಂಡಿ,"ಕ್ಯಾನ್ಸರ್, ಸ್ಟ್ರೋಕ್, ಕಣ್ಣಿನಲ್ಲಿ ಪೊರೆ , ಗಂಡಸರಲ್ಲಿ ಪ್ರಾಸ್ಟೇಟ್ ತೊಂದರೆ, ಮೂಳೆಗಳು ಸವಿದು ಮಂಡಿ ಮತ್ತು ಸೊಂಟಗಳಲ್ಲಿ ನೋವು, ಸಕ್ಕರೆ ಖಾಯಿಲೆ, ರಕ್ತ ಒತ್ತಡ ಹಾಗು ಮುಖ್ಯವಾಗಿ ಮಾನಸಿಕ ತೊಂದರೆಗಳು ಹಿರಿಯರನ್ನು ಬಾಧಿಸುತ್ತವೆ.",1,1
ಮಂಡಿ,ಈ ಭೀಕರ ಅಪಘಾತ ಬಾತಿಂಡ-ಬರ್ನಾಲಾ ಹೆದ್ದಾರಿಯ ಬಚ್ಚೊ ಮಂಡಿ ಟೌನ್‍ನಲ್ಲಿ ಸಂಭವಿಸಿದೆ.,2,2
ಮಂಡಿ,ನವದೆಹಲಿ: ತೀವ್ರ ಮಂಡಿ ನೋವಿನಿಂದ ಬಳಲುವ ರೋಗಿಗಳಿಗೆ ಶಸ್ತ್ರಚಿಕಿತ್ಸೆ ಮೂಲಕ ಅಳವಡಿಸಲಾಗುವ 15 ಬಗೆಯ ಕೃತಕ ಮಂಡಿ ಕೀಲು ಉಪಕರಣಗಳ ಬೆಲೆಯ ಗರಿಷ್ಠ ಮಿತಿಯನ್ನು ನಿಗದಿಗೊಳಿಸಿ ರಾಷ್ಟ್ರೀಯ ಔಷಧ ಬೆಲೆ ನಿಗದಿ ಪ್ರಾಧಿಕಾರ ಆದೇಶ ಹೊರಡಿಸಿದೆ.,1,1
ಮಂಡಿ,"ಶಾಸ್ತ್ರಿ ಮಾತನಾಡಿ, ‘ಹೊಸಪೇಟೆಯ ಸುಧಾಕರ್ ಹಾಗೂ ಕಲ್ಪನಾ ದಂಪತಿಯ ಪುತ್ರಿ ಮನೀಷಾ ಇಲ್ಲಿನ ಅಡಿಕೆ ಮಂಡಿ ವರ್ತಕ ಎಂ.ಎಸ್.ವಿಜಯ್ ಕುಮಾರ್ ಪುತ್ರ ವರುಣ್ ಅವರ ಪತ್ನಿ.",2,2
ಮಂಡಿ,ಮಂಡಿ ನೋವು ಬರಬಹುದು.,1,1
ಮಂಡಿ,ಬೆಂಗಳೂರು: ದೇವರಜೀವನಹಳ್ಳಿಯ ಸಕ್ಕರೆ ಮಂಡಿ ಬಳಿ ಸೋಮವಾರ ರಾತ್ರಿ ಬಣ್ಣದ ರಾಸಾಯನಿಕ ಕಾರ್ಖಾನೆಗೆ ಬೆಂಕಿ ಹೊತ್ತಿಕೊಂಡು ಲಕ್ಷಾಂತರ ರೂಪಾಯಿ ಮೌಲ್ಯದ ವಸ್ತುಗಳು ಸುಟ್ಟು ಭಸ್ಮವಾಗಿವೆ.,2,2
ಮಂಡಿ,ಮಂಡಿ ಡೀಸೆಲ್ ಬೆಲೆ,2,2
ಮಂಡಿ,ರೈತರ ಹೆಸರಿನಲ್ಲಿ ಮಧ್ಯವರ್ತಿಗಳು ಮತ್ತು ಮಂಡಿ ಮಾಲೀಕರು ಹೇಗೆ ಸರ್ಕಾರದ ಬೆಂಬಲ ಬೆಲೆಯನ್ನು ಕೊಳ್ಳೆ ಹೊಡೆಯುತ್ತಿದ್ದಾರೆ ಎಂಬುದನ್ನು ಪ್ರಮುಖವಾಗಿ ಮೆಕ್ಕೆಜೋಳ ಸೇರಿದಂತೆ ಹಲವು ಬೆಳೆಗಳ ವಿಷಯದಲ್ಲಿ ಈಗಾಗಲೇ ನೋಡಿದ್ದೇವೆ.,2,2
ಮಂಡಿ,"ಹೌದು ಇತ್ತೀಚಿನ ದಿನಗಳಲ್ಲಿ ಮಂಡಿ ನೋವು ಎಲ್ಲರಿಗೂ ಕಾಡುವಂತ ಪ್ರಮುಖ ಸಮಸ್ಯೆಯಾಗಿದೆ, ಅದಕ್ಕೆ ಏನು ಮಾಡಬೇಕೆಂಬ ಚಿಂತೆ ನಿಮಗೆ ಕಾಡುತ್ತಿದ್ದರೆ ಈ ಎಳ್ಳೆಣ್ಣೆಯಲ್ಲಿ ಅಡಗಿದೆ ನೋಡಿ ಪರಿಹಾರ.",1,1
ಮಂಡಿ,ನೋವಿನ ಮಂಡಿ - ಕನ್ನಡ ಪುಸ್ತಕ ಪ್ರಾಧಿಕಾರ,1,1
ಮಂಡಿ,"ದೂರದಲ್ಲಿರುವ ಮಂಡಿ ಎಂಬಲ್ಲಿ ನಡೆದ ಸಾರ್ವಜನಿಕ ಸಭೆಯಲ್ಲಿ ಮಾತನಾಡಿದ ಮೋದಿ ಅವರು, ‘ಈ ಹಿಂದೆ ಇಸ್ರೇಲ್ ಬಗ್ಗೆ ಎಲ್ಲರು ಮಾತನಾಡುತ್ತಿದ್ದರು.",2,2
ಮಂಡಿ,ಹಿಮಾಚಲ ಪ್ರದೇಶದ ಮಂಡಿ ಪ್ರದೇಶದಲ್ಲಿ ಘಟನೆ,2,2
ಮಂಡಿ,"ಮೊದಲೆಲ್ಲ ಊರೊಳಗೆ ಸೊಂಟ, ಬೆನ್ನು, ಮಂಡಿ ನೋವಿನಿಂದ (ವಾಯು) ಬಳಲುವವರು ಹೆಚ್ಚಿದ್ದರು.",1,1
ಮಂಡಿ,ವಿರಾಟ್ ಶತಕದ ಮುಂದೆ ಮಂಡಿ ಊರಿದ ದಕ್ಷಿಣ ಆಫ್ರಿಕಾ,1,1
ಮಂಡಿ,"ಬೆಲೆ ಏರಿಕೆ ವಿದ್ಯಮಾನದ ಬಗ್ಗೆ ಹೋಟೆಲ್ ಉದ್ಯಮಿ, ಗೃಹಿಣಿ, ಕೇಟರಿಂಗ್ ಉದ್ಯಮಿ ಮತ್ತು ಮಂಡಿ ವ್ಯಾಪಾರಿಗಳು ಏನು ಹೇಳುತ್ತಾರೆ ಗೊತ್ತೆ?",2,2
ಮಂಡಿ,ಆದರೆ ಸೂರತ್ ನಗರದ ಜೀವನ ಶೈಲಿ ಬದಲಾಗುತ್ತಿರುವುದನ್ನು ಮನಗಂಡು 2009ರ ನವೆಂಬರ್ ನಲ್ಲಿ ಶರ್ಮಾ ಮಂಡಿ ಆನ್ ವೀಲ್ಸ್ ವೆಬ್ ಸೈಟು ತೆರೆದ.,2,2
ಮಂಡಿ,"ಜಾಗದ ಸಮಸ್ಯೆ ಬಗೆಹರಿಸುವಂತೆ ರೈತರು, ಮಂಡಿ ಮಾಲೀಕರು, ವ್ಯಾಪಾರಿಗಳು ಒತ್ತಡ ಹೇರಿದರು.",2,2
ಮಂಡಿ,"1628ರಲ್ಲಿ ಭಾರತವನ್ನು ಸಂದರ್ಶನ ಮಾಡಿದ ಫೀಟರ್ ಮಂಡಿ ಎಂಬ ವಿದೇಶಿ ಹೇಳುವ ಪ್ರಕಾರ, ಅವರು ಹೋಗುತ್ತಿದ್ದ ಮಾರ್ಗದ ತಾಂಡವೊಂದರಲ್ಲಿ 14000 ಎತ್ತುಗಳ ಮೇಲೆ ದವಸ ಧಾನ್ಯಗವನ್ನು ಹೇರಿಕೊಂಡು ಹೊರಟ್ಟಿದ್ದರು.",2,2
ಮಂಡಿ,"ಮಂಡಿ ನೋವು , ಬೆನ್ನು ನೋವು ಇನ್ಯಾವುದೇ ನೋವಿದ್ರು ಎಲೆಕೋಸು ಒಂದಿದ್ರೆ ಸಾಕು ವಾಸಿ ಆಗೋಕೆ..",1,1
ಮಂಡಿ,"ಹಾಲಿನ ದರ ಇಳಿಕೆ, ರೈತರಿಗೆ ಸೂಕ್ತ ಬೆಂಬಲ ಬೆಲೆ ಸಿಗದ ಕಾರಣ ಸುಮಾರು 70ಕ್ಕೂ ಅಧಿಕ ಮಂಡಿ ರೈತರು ಭಾನುವಾರ ಇದ್ದಕ್ಕಿದ್ದಂತೆ ಸೂಪರ್ ಮಾರ್ಕೆಟ್ ಗೆ ಎಂಟ್ರಿ ಕೊಟ್ಟರು.",2,2
ಮಂಡಿ,ಅಲ್ಲಲ್ಲಿ ಯುವಕರು ಮಂಡಿ ಸೇವೆ ಸೇರಿದಂತೆ ನಾನಾ ಸೇವೆಗಳನ್ನು ನಡೆಸುತ್ತಿದ್ದಾರೆ.,1,2
ಮಂಡಿ,ಸುಮಾರು 81ಕ್ಕೂ ಹೆಚ್ಚು ದೇವಾಲಯಗಳ ತವರೂರಾದ ಮಂಡಿ ಬಿಯಾಸ್ ನದಿಯ ದಡದ ಮೇಲಿದೆ.,2,2
ಮಂಡಿ,ಹಿಮಾಚಲ ಪ್ರದೇಶದ ಮಂಡಿ ಜಿಲ್ಲೆಯಲ್ಲಿ ಸೋಮವಾರ ಬೆಳಗ್ಗೆ ಈ ಘಟನೆ ನಡೆದಿದೆ.,2,2
ಮಂಡಿ,ಮಂಡಿ ನೋವು ಇರುವ ಹಿನ್ನೆಲೆಯಲ್ಲಿ ಅವರಿಗೆ ಕಮೋಡ್ ನೀಡಬೇಕೆಂದು ವೈದ್ಯರು ಸಲಹೆ ನೀಡಿದ್ದಾರೆ.,1,1
ಮಂಡಿ,ಎಲ್ಲ ಕಡೆ ಒಂದೇ ಸಲ ಶುರುವಾಗಿರುವ ಸುಗ್ಗಿಯಿಂದಾಗಿ ಮಾವು ಬೆಳೆಗಾರರು ನಷ್ಟ ಅನುಭವಿಸಬೇಕಾಗಿದೆ ಎಂದು ಶ್ರೀನಿವಾಸಪುರ ಮಂಡಿ ಮಾಲೀಕ ಮಂಜುನಾಥರೆಡ್ಡಿ ತಿಳಿಸಿದರು.,2,2
ಮಂಡಿ,ಎಂದು ರಾಜಧಾನಿಯ ಮಂಡಿ ಹೌಸ್ ಸ್ಟೇಷನ್ ಎದುರು ಜಮಾಯಿಸಿದ್ದ ಮಹಿಳಾಮಣಿಗಳು ಘೋಷಣೆ ಕೂಗಿದ್ದಾರೆ.,2,2
ಮಂಡಿ,ಎರಡು ವರ್ಷದ ಹಿಂದೆ ಮಂಡಿ ಹತ್ತಡಿ ಹತ್ತಡಿ ಜಾಗದಲ್ಲಿ ಆರಂಭವಾಯಿತು.,2,2
ಮಂಡಿ,"ಹನುಮಂತು ಮೆಸ್ ನಲ್ಲಿ ಮಂಡಿ ಮೊಹಲ್ಲದಲ್ಲಿ ನ್ಯಾಯೋಚಿತವಾಗಿ, ಉಪಾಹಾರ ಗೃಹವು ದಿನವಿಡೀ ಕಾರ್ಯನಿರ್ವಹಿಸುತ್ತದೆ ಆದರೆ ಅದರ ಮಟನ್ ಪುಲಾವೊ ಬಹಳ ಜನಪ್ರಿಯವಾಗಿದೆ .",2,2
ಮಂಡಿ,ಮಂಡಿ ನೋವು ಅಥವಾ ಸೊಂಟ ನೋವು ಕಾಡುವ ಸಾಧ್ಯತೆ ಇರುತ್ತದೆ.,1,1
ಮಂಡಿ,"ಕೀಲು ನೋವು, ಮೂಳೆ ಸವೆತ ಮಂಡಿ ನೋವು ಇತ್ತೀಚೆಗೆ 30, 40 ವರ್ಷದವರಿಗೆ ದೊಡ್ಡವರಿಗೆ ಮಾತ್ರ ಮಂಡಿ ನೋವು ಅಥವಾ ಕೀಲುಗಳ ನೋವು ಕಾಣಿಸುಕೊಳ್ಳುತಿತ್ತು, ಆದರೆ ಈಗ ಎಲ್ಲಾ ಬದಲಾಗಿದೆ.",1,1
ಮಂಡಿ,"ಅಖಿಲ ಭಾರತ ಕಿಸಾನ್ ಸಂಘರ್ಷ ಸಮನ್ವಯ ಸಮಿತಿ ನೇತೃತ್ವದಲ್ಲಿ ಪ್ರತಿಭಟನಾನಿರತ ರೈತರು ದೆಹಲಿ, ಹಸ್ರತ್ ನಿಜಾಮುದ್ದೀನ್, ಬಿಜ್ವಾಸನ್, ಸಬ್ಜಿ ಮಂಡಿ ನಿಲ್ದಾಣ, ಎಎನ್ ವಿಟಿ ನಿಲ್ದಾಣ ಮತ್ತು ಮಂಜು ಕ ಟಿಕ್ಲಾದಿಂದ ರಾಮ್ ಲೀಲಾ ಮೈದಾನದವರೆಗೆ ಮೆರವಣಿಗೆ ನಡೆಸಿದರು.",2,2
ಮಂಡಿ,"ಎಕ್ಕದ ಎಲೆ (ಅರ್ಕ ಪತ್ರ) ಸೂರ್ಯನಿಗೆ ಹೆಚ್ಚು ಪ್ರಿಯವಾದ್ದರಿಂದ ರಥಸಪ್ತಮಿಯಂದು ಬೆಳಿಗ್ಗೆ ಈ ಎಲೆಯಲ್ಲಿ ಒಂದನ್ನು ತಲೆ ಮೇಲೆ, ಎರಡೂ ಭುಜ, ಮಂಡಿ ಹಾಗೂ ಕಾಲುಗಳ ಮೇಲೆ ತಲಾ ಒಂದರಂತೆ ಇಟ್ಟುಕೊಂಡು ಸೂರ್ಯೋದಯಕ್ಕೆ […]",1,1
ಮಂಡಿ,"ಮಂಡಿ ಜಿಲ್ಲಾಧಿಕಾರಿಗೆ ಕರೆ ಮಾಡಿದ ಅವರು, ಆತಂಕದಲ್ಲಿರುವ ಕುಟುಂಬದ ನೆರವಿಗೆ ಧಾವಿಸುವಂತೆ ತಿಳಿಸಿದರು.",2,2
ಮಂಡಿ,ಮಂಡಿ ನೋವು ಕಾಣಿಸಿಕೊಂಡು ದೀರ್ಘಕಾಲ ಬ್ಯಾಡ್ಮಿಂಟನ್‌ನಿಂದ ಹೊರಗುಳಿದರು.,1,1
ಮಂಡಿ,"ಮಂಡಿ ನೋವು, ಆಯಾಸವಿದ್ದರೂ 95 ವರ್ಷದ ದೊರೆಸ್ವಾಮಿ ಎಂಬುವರು ಮತ ಹಾಕಿದರು.",1,1
ಮಂಡಿ,"ಮಂಡಿ ಮೊಹಲ್ಲಾ, ಮೀನಾ ಬಜಾರ್‌ ಸೇರಿ ನಗರದ ವಿವಿಧೆಡೆ ಮೆರವಣಿಗೆ ನಡೆಸಿದ ಪ್ರತಿಭಟನಾಕಾರರು ಅಂಗಡಿ ಮುಚ್ಚಿಸಿದ್ದಾರೆ.",2,2
ಮಂಡಿ,"ಎಲೆ ಮತ್ತು ಬೇರುಗಳನ್ನು ಚೆನ್ನಾಗಿ ಅರೆದು ಕುಡಿಸುವುದು ಮಂಡಿನೋವು, ಮಂಡಿ ಊತ, ಮಲಬದ್ಧತೆ, ಮೂತ್ರಪಿಂಡ ಹಾಗೂ ಲಿವರ್‌ನ ತೊಂದರೆಗೆ ಉತ್ತಮ ಔಷಧ.",1,1
ಮಂಡಿ,ಮಂಡಿ ನೋವಿನ ಸಮಸ್ಯೆಯ ನಿವಾರಣೆಗೆ ಶುಂಠಿ ಪರಿಣಾಮಕಾರಿ ಚಿಕಿತ್ಸೆ ನೀಡುವುದು.,1,1
ಮಂಡಿ,ಮಂಡಿ ನೋವನ್ನು ನಿವಾರಿಸುವ ಶಕ್ತಿಯನ್ನೂ ಆಲಿವ್ ಎಣ್ಣೆ ಹೊಂದಿದೆ.,1,1
ಮಂಡಿ,"ದುಬಾರಿ ಎನಿಸುವ ಕೃತಕ ಮಂಡಿ ಕೀಲು ಉಪಕರಣಗಳ ಬೆಲೆಗಳ ಮೇಲೂ ನಿಯಂತ್ರಣ ಹೇರಿದ್ದು, ಅಧಿಸೂಚನೆ ಕೂಡ ಹೊರಡಿಸಲಾಅಗಿದೆ.",1,1
ಮಂಡಿ,ಇದೇ ಮಾರ್ಗದಲ್ಲಿ ಮಂಡಿ ಜಿಲ್ಲೆ ಆವೃತ್ತಿಯಲ್ಲಿರುವ ರೇವಾಲಸರ್ ಕೆರೆಯು ಕೈ ಬೀಸಿ ಕರೆಯುತ್ತದೆ.,2,2
ಮಂಡಿ,ಮಂಡಿ ಜಿಲ್ಲೆಯ ವಿವಿಧ ಭಾಗಗಳಿಂದ ಬರುವ ಸುಮಾರು 200ಕ್ಕೂ ಹೆಚ್ಚು ದೇವತೆಗಳ ಸಂಗಮ ಇಲ್ಲಿನ ವಿಶೇಷ.,1,2
ಮಂಡಿ,ಇದರಿಂದ ಮಂಡಿ ಕಾರ್ಮಿಕರು ಹಾಗೂ ಕಾಯಿ ಕೊಯಿಲು ಮಾಡುವ ಕೃಷಿ ಕಾರ್ಮಿಕರಿಗೆ ಕೆಲಸವಿಲ್ಲದಂತಾಗಿದೆ.,1,2
ಮಂಡಿ,"ಉದಾಹರಣೆಗೆ ಒಬ್ಬರಿಗೆ ಮಂಡಿ ನೋವಿದೆ ಎಂದರೆ ಅವರು ವಾತ, ಪಿತ್ತ, ಕಫ ಈ ಮೂರರಲ್ಲಿ ( ಆಯುರ್ವೇದ ಪದ್ಧತಿಯ ಪ್ರಕಾರ ) ಯಾವ ದೇಹ ಪ್ರಕೃತಿ ಹೊಂದಿದ್ದಾರೆ, ಆ ಸಮಸ್ಯೆ ಹೇಗೆ ಉಲ್ಬಣಿಸಿದೆ ಅವರ ಆಹಾರ ಪದ್ಧತಿ , ದಿನಚರಿಯ ಶೈಲಿ, ಈ ಮುಂಚೆ ಯಾವುದಾದರೂ ಸಮಸ್ಯೆ ಇದೆಯೇ, ಹೀಗೆ ಸರಿಯಾಗಿ ವಿವರಣೆ ಪಡೆದು ಪರಿಹಾರ ಕಂಡುಕೊಳ್ಳಬೇಕು.",1,1
ಮಂಡಿ,"ಕೈಕಾಲು ನೋವು, ಕೀಲು, ಮಂಡಿ ನೋವು, ಮೂಳೆ ಸವೆತ, ಹಲ್ಲಿನ ಮೇಲೆ ಹಳದಿ ಪಾಚಿ.",1,1
ಮಂಡಿ,"ಇನ್ನು ಮಂಡಿ ನೋವಿನಿಂದ ಬಳಲುತ್ತಿರುವ ಹಾಗೂ ಚೈತನ್ಯವನ್ನು ಕಳೆದುಕೊಂಡಿರುವ ಝೀಬ್ರಾಗಳಾದ `ಎಡ್ವರ್ಡ್~ಗೆ 23, `ಎರೆನಾ~ಳಿಗೆ 22 ವರ್ಷ.",1,1
ಮಂಡಿ,‘ಯಡಿಯೂರಪ್ಪನವರು ಮಂಡಿ ಸುವ ಬಜೆಟ್ ಜನಪರವಾಗಿ ಇರು ತ್ತದೆ ಎಂಬ ವಿಚಾರ ವಿರೋಧ ಪಕ್ಷದವರಿಗೆ ಖಾತ್ರಿಯಾಗಿದೆ.,1,2
ಮಂಡಿ,"ಕೀಲು ನೋವು, ಮುಳೆ ಸವೆತ ಮಂಡಿ ನೋವು ಇತ್ತಿಚಿಗೆ 30, 40 ವರ್ಷದವರಿಗೆ ಸಾಮಾನ್ಯವಾಗಿದೆ, ಅದಕ್ಕಾಗಿ ಸಾವಿರಾರು ರೂ.",1,1
ಮಂಡಿ,"ನ್ಯಾಷನಲ್ ಅಗ್ರಿಕಲ್ಚರಲ್ ಮಾರ್ಕೆಟ್ ಪ್ಲಾಟ್‍ಫಾರಂನಲ್ಲಿ (ಇ-ನ್ಯಾಮ್) ಇರುವ ಆರು ಹೊಸ ಗುಣಲಕ್ಷಣಗಳೆಂದರೆ, ಭೀಮ್ ಪಾವತಿ ಸೌಲಭ್ಯ, ಇ-ನ್ಯಾಮ್ ಮೊಬೈಲ್ ಅಪ್ಲಿಕೇಶನ್, ಇ ಕಲಿಕ ಮಾದರಿ ಹೊಂದಿರುವ ಹೊಸ ಹಾಗೂ ಸುಧಾರಿತ ವೆಬ್‍ಸೈಟ್, ಎಂಐಎಸ್ ಡ್ಯಾಷ್‍ಬೋರ್ಡ್, ಮಂಡಿ ಕಾರ್ಯದರ್ಶಿಗಳಿಗಾಗಿ ದೂರು ಪರಿಹಾರ ನಿರ್ವಹಣೆ ವ್ಯವಸ್ಥೆ ಮತ್ತು ರೈತರ ಡಾಟಾಬೇಸ್ ಜತೆಗೆ ಸಮನ್ವಯಗೊಳಿಸುವಿಕೆ.",2,2
ಮಂಡಿ,"ನಿಮಗೆ ಮಂಡಿ ನೋವು ಕಾಡುತ್ತಿದೆಯೆ,ಹಾಗಾದರೆ ಆಪರೇಷನ್ ಇಲ್ಲದೆ ಸಂಪೂರ್ಣ ಗುಣಮುಖರಾಗಲು ಈ ವಿಧಾನ ಅನುಸರಿಸಿ,ಮಂಡಿ ನೋವಿನಿಂದ ಮುಕ್ತಿ ಪಡೆಯಿರಿ..!",1,1
ಮಂಡಿ,"ಇಂಥ ಕಿತಾಪತಿ, ಅನಾಹುತಗಳ ನಡುವೆ ಬಿದ್ದು,ಎದ್ದು, ಕೈ, ಕಾಲು, ಮಂಡಿ ತರಚಿಕೊಂಡು, ಮೈಯೆಲ್ಲಾ ಗಾಯ ಮಾಡಿಕೊಂಡು ಸೀಟಿನಲ್ಲಿ ಕೂತು ಸೈಕಲ್ ತುಳಿಯುವದನ್ನು ಅಭ್ಯಾಸ ಮಾಡಿಕೊಂಡಿದ್ದೆ.",1,1
ಮಂಡಿ,ಮಂಡಿ ಮಾರುಕಟ್ಟೆ ನವೀಕರಣ ಕೆಲಸವೂ ನಡೆದಿಲ್ಲ.,2,2
ಮಂಡಿ,ಮಂಡಿ ಶಸ್ತ್ರ Read more…,1,1
ಮಂಡಿ,ಇದಕ್ಕೆ ಪ್ರತಿಕ್ರಿಯಿಸಿದ ಸೀನುರವರು ಸೇವೆ ಮಾಡುವವರಿದ್ದರೆ ಸುಮ್ಮನೆ ಕೂತಿರುವವರಿಗೂ ಮಂಡಿ ನೋವು ಎಂಬ ಗಾದೆಯಂತೆ ಕೆಲವು ಮನೆಗಳಲ್ಲಿ ನೆರವಾದಾಕ್ಷಣಕ್ಕೇ ಅವಲಂಬನೆ ಹೆಚ್ಚಾಗಿಬಿಡುವು ಸಾಧ್ಯತೆಗಳಿರುವುದಾಗಿ ತಿಳಿಸಿದರು.,1,1
ಮಂಡಿ,"ಫೆ.1 ವಿತ್ತ ಸಚಿವರು ಕೇಂದ್ರ ಬಜೆಟ್’ನ್ನು ಮಂಡಿಸಲಿದ್ದು, ಅದು ಪ್ರಧಾನಿ ನರೇಂದ್ರ ಮೋದಿ ನೇತೃತ್ವದ ಕೇಂದ್ರ ಸರಕಾರ ಮಂಡಿ ಸಲಿರುವ ಪೂರ್ಣ ಪ್ರಮಾಣ ಬಜೆಟ್ ಆಗಿರಲಿದೆ ಎಂದು ತಿಳಿಸಿದ್ದಾರೆ.",2,2
ಮಂಡಿ,ಮಂಡಿ ನೋವು ಇನ್ನು ಮುಂತಾದ ಸಮಸ್ಯೆಗಳಿಗೆ ಎಳ್ಳೆಣ್ಣೆಯಲ್ಲಿ ಇದೆ ನೋಡಿ ಸೂಕ್ತ ಪರಿಹಾರ..!,1,1
ಮಂಡಿ,"ಮೈಸೂರು: ಇಲ್ಲಿನ ಕೇಂದ್ರ ಕಾರಾಗೃಹದ ಕೈದಿಗಳಿಗೆ ಮತ್ತು ಬರಿಸುವ ಮಾತ್ರೆಗಳನ್ನು ರವಾನೆ ಮಾಡುತ್ತಿರುವುದು ಕಂಡು ಬಂದಿದ್ದು, ಮಂಡಿ ಠಾಣೆಯಲ್ಲಿ ದೂರು ದಾಖಲಾಗಿದೆ.",2,2
ಮಂಡಿ,"ಪ್ರಕೃತಿ ಚಿಕಿತ್ಸೆಯಲ್ಲಿ ಇದರ ಉಪಯೋಗ ಅತ್ಯಮೂಲ್ಯ, ಇದನ್ನು ಮಂಡಿ ನೋವು (ಆರ್ತೈತಟಿಸ್)ನಲ್ಲಿ ಸಾಸಿವೆ ಪಟ್ಟಿ ಮಾಡಿ ಉಪಯೋಗಿಸುತ್ತಾರೆ.",1,1
ಮಂಡಿ,ಹಿಮಾಚಲ ಪ್ರದೇಶದ ಮಂಡಿ ಜಿಲ್ಲೆಯ ಸಣ್ಣ ತಜುನ್ ಗ್ರಾಮದ 23 ವರ್ಷದ ಯುವತಿ ದೇಶದ ಅತೀ ಚಿಕ್ಕ ಸರಪಂಚ್ ಎಂಬ ಖ್ಯಾತಿಗೆ ಪಾತ್ರಳಾಗಿದ್ದಾಳೆ.,2,2
ಮಂಡಿ,ಮಂಡಿ ನೋವನ್ನು ಸುಲಭವಾಗಿ ಓಡಿಸಲು ಈ ರೀತಿ ಮಾಡಿ..!,1,1
ಮಂಡಿ,"ಹಾಗೆಯೇ, ಮಂಡಿ ನೋವಿನಿಂದಾಗಿ ಡೆನ್ಮಾರ್ಕ್‌ ಹಾಗೂ ಫ್ರ್ಯಾನ್ಸ್‌ ಓಪನ್‌ ಟೂರ್ನಿಗಳಿಂದಲೂ ತಪ್ಪಿಸಿಕೊಂಡಿದ್ದರು.",1,1
ಮಂಡಿ,"ಕೀಲು ನೋವು, ಮೂಳೆ ಸವೆತ ಮಂಡಿ ನೋವು ಇತ್ತೀಚೆಗೆ 30, 40 ವರ್ಷದವರಿಗೆ ಸಾಮಾನ್ಯವಾಗಿದೆ.",1,1
ಮಂಡಿ,"ಇಎಸ್ ಮಾದರಿಯು ವೇಗನಿಯತ್ರಣ, ಚಾಲಕ, ಪ್ರಯಾಣಿಕ ಸೇರಿದಂತೆ ಮಂಡಿ ಗಾಲಿಚೀಲಗಳನ್ನು, ದೃಡತೆ ಮತ್ತು ಜಗ್ಗುವಿಕೆಯ ತಡೆ ಸೇರಿದಂತೆ ಎಲ್ಲಾ ಒತ್ತಮ ಸೌಲಭ್ಯಗಳನ್ನು ಹೊಂದಿದೆ.",1,1
ಮಂಡಿ,ಬಾಂಗ್ಲಾದೇಶದ ಮಂಡಿ ಬುಡಕಟ್ಟು ಜನಾಂಗದಲ್ಲಿ ಈ ಪದ್ಧತಿ ಜಾರಿಯಲ್ಲಿದೆ.,2,2
ಮಂಡಿ,"ಮಂಡಿ ಹೌಸ್ ಮೆಟ್ರೊ ಸ್ಟೇಶನ್ ಬಳಿ ಈ ದುರ್ಘಟನೆ ಸಂಭವಿಸಿದ್ದು, ಅವನೊಂದಿಗೆ ರೇಸ್ ಮಾಡುತ್ತಿದ್ದ ಇನ್ನೊಬ್ಬ ಯುವಕನ ಕ್ಯಾಮೆರಾದಲ್ಲಿ ದೃಶ್ಯ ಸೆರೆಯಾಗಿದೆ.",2,2
ಮಂಡಿ,ನಿಮ್ಮ ಮಂಡಿ ಮತ್ತು ಮೊಣ ಕೈಗಳನ್ನು ನೇರವಾಗಿರಿಸಬೇಕು.,1,1
ಮಂಡಿ,-ಎಚ್‌.ಎಸ್‌.ನರೇಂದ್ರ ಮಂಡಿ ಮಾಲೀಕ ಎಪಿಎಂಸಿ,2,2
ಮಂಡಿ,ಹಿಮಾಚಲಪ್ರದೇಶದ ಮಂಡಿ ಜಿಲ್ಲೆಯಲ್ಲಿ ಇರುವ ಸರ್ಕಾಘಾಟ್ ನಲ್ಲಿ ಇತ್ತೀಚೆಗೆ ಒಂದು ರಸ್ತೆ ಅಪಘಾತ ನಡೆಯಿತು.,2,2
ಮಂಡಿ,"ಶಿಮ್ಲಾ: ಇಲ್ಲಿನ ಮಂಡಿ ಪ್ರದೇಶದ ಮನೆಯೊಂದಕ್ಕೆ ಮಧ್ಯರಾತ್ರಿ ನಾಗರಹಾವು ಬಂದಿದ್ದರಿಂದ ತೀವ್ರ ಆತಂಕಗೊಂಡ ಕುಟುಂಬದವರು, ಹಿಮಾಚಲ ಪ್ರದೇಶದ ಮುಖ್ಯಮಂತ್ರಿ ಜೈರಾಂ ಠಾಕೂರ್ ಅವರಿಗೇ ಕರೆ ಮಾಡಿದ್ದಾರೆ.",2,2
ಮಂಡಿ,ಸ್ಕ್ಯಾನ್‌ ಯಂತ್ರ ಹಾಗೂ ಉಚಿತ ಮಂಡಿ ಕೀಲು ಜೋಡಣೆ ಶಸ್ತ್ರಚಿಕಿತ್ಸಾ ಶಿಬಿರಕ್ಕೆ ಆರೋಗ್ಯ ಸಚಿವ ಕೆ.ಆರ್‌.ರಮೇಶ್‌ ಕುಮಾರ್‌ ಶುಕ್ರವಾರ ಚಾಲನೆ ನೀಡಿದರು.,1,1
ಮಂಡಿ,ಇದು ಮಂಡಿ ನೋವು ಕಡಿಮೆ ಮಾಡಲು ಸಹಕಾರಿ.,1,1
ಮತ,ಯಾವುದಕ್ಕೆ ಮತ ಚಲಾಯಿಸಿದ್ದೇವೆ ಎಂದು ಹೇಳದವರು 9% ಇವರೇ ಫಲಿತಾಂಶವನ್ನು ನಿರ್ಧಾರ ಮಾಡಲಿದ್ದಾರೆ.,1,1
ಮತ,ಬೀದರ್‌: ‘ಜಾತಿ ಹೆಸರಲ್ಲಿ ನನಗೆ ಯಾರೂ ಮತ ಹಾಕಿಲ್ಲ.,1,1
ಮತ,ಕರ್ನಾಟಕದಲ್ಲಿ ಬದಲಾವಣೆ ಅಂದರೆ ಕಾಂಗ್ರೆಸ್ ಅಥವ ಬಿಜೆಪಿಗೆ ಮತ ಹಾಕುವುದು ಅಲ್ಲ.,1,1
ಮತ,`ಹಾಕಿ ಮತ್ತು ಬಾಲ್ ಚಿಹ್ನೆಗೆ ಮತ ನೀಡಬೇಕು ಎಂದು ವಿನಂತಿಸಿ ಕೊಂಡರು.,1,1
ಮತ,"ಚಾಮರಾಜನಗರದ ಒಟ್ಟು 53,714 ಮತದಾರರಲ್ಲಿ 38,698 ಮಂದಿ ಹಾಗೂ ಕೊಳ್ಳೇಗಾಲದ ಒಟ್ಟು 41,892 ಮತದಾರರ ಪೈಕಿ 30,877 ಮಂದಿ ಮತ ಚಲಾಯಿಸಿದ್ದಾರೆ.",1,1
ಮತ,ಜೆಡಿಎಸ್ ಗೆ ಮತ ನೀಡಿ ಹೆಚ್.ಡಿ.ಕುಮಾರಸ್ವಾಮಿಯವರ ಕೈ ಬಲಪಡಿಸಬೇಕೆಂದು ಕೆ.ಎಂ.ಸೈಯದ್ ಮತದಾರರಲ್ಲಿ ಮನವಿ ಮಾಡಿದರು.,1,1
ಮತ,"ಆದರೆ ಬಳ್ಳಾರಿ ಹಾಗೂ ಜಮಖಂಡಿ ಕ್ಷೇತ್ರಗಳಲ್ಲಿ ಬಿಜೆಪಿ ಮತ್ತು ಮೈತ್ರಿ ಅಭ್ಯರ್ಥಿಗಳ ಮಧ್ಯೆ ಹತ್ತಿರದ ಸ್ಪರ್ಧೆ ಇದ್ದು, ಮತ ಎಣಿಕೆಯ ದಿನ ಸಮೀಕ್ಷೆಯ ವರದಿಗಿಂತಲೂ ಭಿನ್ನವಾದ ಫಲಿತಾಂಶವನ್ನು ನಿರೀಕ್ಷಿಸಲು ಬಹುದಾಗಿದೆ.",1,1
ಮತ,ಮತ ಎಣಿಕೆ ಕೇಂದ್ರಗಳು ಕೇಂದ್ರ ಚುನಾವಣಾ ಆಯೋಗದ ಮಾರ್ಗಸೂಚಿಗಳನ್ವಯ ಕಾರ್ಯ ನಿರ್ವಹಿಸಲಿವೆ ಎಂದು ಅವರು ತಿಳಿಸಿದರು.,1,1
ಮತ,ಕ್ಷೇತ್ರದಲ್ಲಿ ನವಯುವಕರು ಜಾತಿ ಮತ ಪಂಥ ಮೀರಿ ಪ್ರಧಾನಿ ಮೋದಿಯವರನ್ನು ಮೀರಿ ಬೆಂಬಲಿಸುವ ಮನಸ್ಥಿತಿ ಎದ್ದು ಕಾಣುತ್ತಿದೆ.,2,2
ಮತ,"ಈ ಪೈಕಿ 14 ಮಂದಿ ಮತ ಎಣಿಕೆ ಮೇಲ್ವಿಚಾರಕರು, 14 ಎಣಿಕೆ ಸಹಾಯಕರು ಮತ್ತು 14 ಸೂಕ್ಷ್ಮ ವೀಕ್ಷಕರಿಂದ ಕೂಡಿರುವ ಒಂದು ತಂಡವಾಗಿ ಕಾರ್ಯ ನಿರ್ವಹಿಸಲಿದೆ.",1,1
ಮತ,ಹಣ ಇದ್ದರೆ ಹೇಗಾದರೂ ಮತ ಖರೀದಿಸಬಹುದು ಎನ್ನುವ ಸ್ಥಿತಿ ಇದೆ.,1,1
ಮತ,ಯಾವ ಭಾಗದಲ್ಲಿ ಎಷ್ಟು ಮತ ಬರಬಹುದು?,1,1
ಮತ,"ಏಕೆಂದರೆ, ಈ ಕ್ಷೇತ್ರಗಳಲ್ಲಿ ಆ ಪಕ್ಷಗಳ ಅಧಿಕೃತ ಅಭ್ಯರ್ಥಿಗಳಿಗೆ ಮತ ವಿಭಜನೆಯ ‘ಹೊಡೆತ’ ನೀಡಿದೆ.",1,1
ಮತ,ನನಗೆ ಇದೆಲ್ಲದಕ್ಕಿಂತಲೂ ಹೆಚ್ಚಾಗಿ ಮೊದಲ ಬಾರಿಗೆ ಮತ ಹಾಕುವ ಸಂಭ್ರಮ.,1,1
ಮತ,"ಕಳೆದ ಬಾರಿ ಚುನಾವಣೆಯಲ್ಲಿ ಬಿಜೆಪಿ ಪಕ್ಷದ ಅಭ್ಯರ್ಥಿ ಸೋಮನಗೌಡ ಪಾಟೀಲ ಸಾಸನೂರ ಸುಮಾರು 28,425 ಮತ ಪಡೆಯುವುದರ ಮೂಲಕ ಎರಡನೇ ಸ್ಥಾನಕ್ಕೆ ತೃಪ್ತಿಪಟ್ಟಿದ್ದರು.",1,1
ಮತ,ಶ್ರೋತೃಗಳು 92.7 ಎಫ್‌ಎಂಗೆ ಕರೆ ಮಾಡಿ ಮತ ಚಲಾಯಿಸಬಹುದು.,1,1
ಮತ,ಕ್ಷೇತ್ರದ ಜನ ನನ್ನ ಮೇಲೆ ನಂಬಿಕೆ ಇಟ್ಟು ಮತ ನೀಡಿರುವುದಕ್ಕೆ ಕತಜ್ಞನಾಗಿದ್ದೇನೆ.,1,1
ಮತ,ಸಮೀಕ್ಷೆ ಪ್ರಕಾರ ಶಿವಮೊಗ್ಗದಲ್ಲ ಬಿಜೆಪಿ ಯ ರಾಘವೇಂದ್ರ ಅವರಿಗೆ 46% ಮತ ಬಿದ್ದಿದ್ದರೆ ಮೈತ್ರಿ ಅಭ್ಯರ್ಥಿ ಜೆಡಿಎಸ್‌ನ ಮಧು ಬಂಗಾರಪ್ಪಗೆ 38% ಮತ ಬಿದ್ದಿವೆಯಂತೆ.,1,1
ಮತ,ಮಂಗಳವಾರದಂದು ಬೆಳಿಗ್ಗೆ ೦೬ ಗಂಟೆಯಿಂದಲೇ ಭೌತಿಕವಾಗಿ ಮತ ಯಂತ್ರಗಳ ಹಂಚಿಕೆ ಕಾರ್ಯ ವಿವಿಧ ರಾಜಕೀಯ ಪಕ್ಷಗಳ ಪ್ರತಿನಿಧಿಗಳ ಸಮ್ಮುಖದಲ್ಲಿ ಪ್ರಾರಂಭಗೊಂಡಿತು.,1,1
ಮತ,ವೋಟರ್ ಐಡಿ ಇಲ್ಲದಿದ್ರೆ ಚಿಂತೆ ಬೇಡ; 12 ಪರ್ಯಾಯ ಗುರುತು ತೋರಿಸಿ ಮತ ಹಾಕಿ,1,1
ಮತ,ಇದು ನಿನ್ನೆ ನಡೆದ ಗ್ರಾಮಪಂಚಾಯತ್ ಚುನಾವಣೆಯ ಮತ ಎಣಿಕೆ ನಂತರದ ಒಂದು ನೋಟ.,1,1
ಮತ,ಆದರೆ ಹಾಲಿ ವಿಶ್ವಾಸ ಮತ ಸುಪ್ರೀಂಕೋರ್ಟ್‌ ಕಣ್ಗಾವಲಿನಲ್ಲಿ ನಡೆಯುತ್ತಿರುವುದರಿಂದಾಗಿ ಈ ಮಾರ್ಗ ಕಷ್ಟ.,1,1
ಮತ,ಠೇವಣಿ ಉಳಿಯಲು ಎಷ್ಟು ಮತ ಪಡೆಯಬೇಕು :,1,1
ಮತ,ಆದರೆ ಕಣದಲ್ಲಿರುವ ಅಭ್ಯರ್ಥಿಗಳಿಗೆ ಮತದಾರರ ಬಳಿ ಹೋಗಿ ಮತ ಕೇಳುವುದೇ ಸವಾಲಾಗಿದೆ.,1,1
ಮತ,ದಕ್ಷಿಣ ಶಿಕ್ಷಕರ ಕ್ಷೇತ್ರದ 819 ಮತದಾರರು ಹಾಗೂ ನೈರುತ್ಯ ಶಿಕ್ಷಕರ ಕ್ಷೇತ್ರದ 772 ಮತದಾರರು ಎಡವಟ್ಟು ಮಾಡಿರುವುದು ಮಂಗಳವಾರ ಮತ ಎಣಿಕೆಯಲ್ಲಿ ಕಂಡುಬಂತು.,1,1
ಮತ,ಅಲ್ಲದೆ ನಿತೀಶ್ ತಮ್ಮ ಅಂತಿಮ ನಿರ್ಧಾರ ಪ್ರಕಟಿಸಿದ್ದು ಪ್ರಣಬ್ ಪರವಾಗಿ ಮತ ಚಲಾಯಿಸುವುದಾಗಿ ಹೇಳಿದ್ದಾರೆ.,1,1
ಮತ,ಈ ವಾರದ ಸಮಸ್ಯೆ : ಹರಿವ ಹನಿಹನಿ ನೆತ್ತರಿ೦ಗೆಲ್ಲಿದ್ದು ಜಾತಿ ಮತ ?,2,2
ಮತ,ಮತದಾರರಿಗೆ ಮತ ಚಲಾಯಿಸಲು ಅಡ್ಡಿಪಡಿಸದ ಹಾಗೆ ನೋಡಿಕೊಳ್ಳಬೇಕು ಎಂದು ಕಟ್ಟುನಿಟ್ಟಿನ ಸೂಚನೆ ನೀಡಿದೆ.,1,1
ಮತ,"ನಾಳೆ ಕಾಂಗ್ರೆಸ್ ಪಕ್ಷಕ್ಕೆ ಅತ್ಯಂತ ಮಹತ್ವದ ದಿನವಾಗಿದ್ದು, ನಾಳೆ ನಡೆಯುವ ವಿಧಾನಸಭೆ ಅಧಿವೇಶನದಲ್ಲಿ ವಿಶ್ವಾಸ ಮತ ಸಾಬೀತು ಮಾಡಬೇಕಿದೆ.",1,1
ಮತ,‘ಶಕ್ತಿಯಿಲ್ಲದ ಜೆಡಿಎಸ್ ಪಕ್ಷಕ್ಕೆ ಮತ ನೀಡುವುದರಿಂದ ಪರೋಕ್ಷವಾಗಿ ಅದು ಬಿಜೆಪಿಗೆ ಅನುಕೂಲವಾಗಲಿದೆ.,1,1
ಮತ,"ಮತಕೇಂದ್ರಕ್ಕೆ ತೆರಳುವ ಮುನ್ನ ಶಾಸಕರು ತಮ್ಮ ಬಳಿ ಇದ್ದ ಪೆನ್ನು, ಮೊಬೈಲ್ ಎಲ್ಲವನ್ನೂ ಹೊರಗಿಟ್ಟು ಚುನಾವಣಾ ಅಧಿಕಾರಿಗಳು ನೀಡುವ ಪೆನ್ನನ್ನು ಪಡೆದು ಒಳ ಹೋಗಿ ಅದೇ ಪೆನ್‍ನಲ್ಲಿ ಮತ ಪತ್ರದಲ್ಲಿ ಪ್ರಾಶಸ್ತ್ಯದ ಮತವನ್ನು ಗುರುತು ಮಾಡುವಂತೆ ಸೂಚಿಸಿದ ಹಿನ್ನೆಲೆಯಲ್ಲಿ ಅದೇ ಕ್ರಮದಂತೆ ಶಾಸಕರು ಮತ ಚಲಾವಣೆ ಮಾಡಿದರು.",1,1
ಮತ,ಮತ ಚಲಾಯಿಸುವುದಕ್ಕೆ ಮುನ್ನ ನಾವು ಆಯ್ದು ನೀಡಿರುವ ಅಭ್ಯರ್ಥಿಗಳ ಸಂಕ್ಷಿಪ್ತ ಪರಿಚಯವನ್ನೂ ಒಮ್ಮೆ ಗಮನಿಸಿ.,1,1
ಮತ,"ಇಂದೇ ನಿರ್ಧರಿಸಿ, ಮತ ಹಾಕಿ",1,1
ಮತ,ಪಕ್ಷದ ಮುಸ್ಲಿಂ ಮತ ಏಕೆಂದರೆ 2013 ಮುಜಾಫರ್ನಗರ ಗಲಭೆಗಳು ಈ ಸಮಯದಲ್ಲಿ ಸಮಾಜವಾದಿ ಪಕ್ಷದ ದೂರವಿರುವಂತೆ ಭಾವಿಸುತ್ತಾನೆ.,1,2
ಮತ,"ಆದರೆ, ಶಾಸಕರು ಹೋಗುವುದಕ್ಕೆ ಮತ ಹಾಕಿರುವ ಜನ ಬಿಡಬೇಕಲ್ಲವೇ.",1,1
ಮತ,ನಗರ ಸಂಸ್ಥೆ ಚುನಾವಣೆ ಮತ ಎಣಿಕೆ ಮುನ್ನ ದಿನವಾದ ಸೆಪ್ಟೆಂಬರ್ 2 ರಂದು ರಾತ್ರಿ ರಾಹುಲ್ ಬೀಳಗಿಯವರನ್ನು ಬರ್ಬರವಾಗಿ ಹತ್ಯೆಗೈಯಲಾಗಿತ್ತು.,1,1
ಮತ,ಲೋಕಸಭೆಯಲ್ಲಿ ಜು.20ಕ್ಕೆ ಮೋದಿ ಸರ್ಕಾರದ ವಿರುದ್ಧ ಅವಿಶ್ವಾಸ ಗೊತ್ತುವಳಿ ಚರ್ಚೆ ಮತ್ತು ಮತ ಚಲಾವಣೆ!,1,1
ಮತ,"ಹಣ, ಕಾಣಿಕೆಗಳಿಗೆ ಮತ ಮಾರಿಕೊಳ್ಳಬೇಡಿ: ವೆಂಕಟ್ ರಾಜಾ",1,1
ಮತ,ಮುಖಪುಟ » ವಿಶೇಷ » ಪ್ರಜಾ ಮತ 2018,1,1
ಮತ,ಕಾಂಗ್ರೆಸ್ ಮತ್ತು ಬಿಜೆಪಿಗೆ ಮತ ನೀಡಬೇಡಿ: ಮಾಯಾವತಿ ಆಕ್ರೋಶ,1,1
ಮತ,"ಕಾಂಗ್ರೆಸ್, ಬಿಜೆಪಿ ಬಳಿಕ ಹೆಚ್ಚು ಮತ",1,1
ಮತ,"ಬಡಪಾಯಿ ಸದ್ದಾಮ್‌ ಇರಾನಿನ ಮೇಲೆ ಕಾರಣ, ಸಫಲತೆಯಿಲ್ಲದೆ ಸೆಣಸಿ (ತಮ್ಮ ಮತ ಚಲಾವಣೆಯಿಂದ ಪರಿಸ್ಥಿತಿಯಲ್ಲಿ ಏನೂ ಸುಧಾರಣೆಯಾಗುವುದಿಲ್ಲವೆಂದು ಗೊತ್ತಿದ್ದರೂ ಬೆಳಿಗ್ಗೆಯಿಂದ ಮತಗಟ್ಟೆಯಲ್ಲಿ ನಿಂತು ಸುಸ್ತಾಗಿದ್ದ ಮತದಾರನಂತೆ) ಸುಸ್ತಾಗಿದ್ದ.",1,1
ಮತ,ಮತ ಎಣಿಕ ನಡೆಯುವಾಗ ಪ್ರತಿ ವಿಧಾನಸಭಾ ಕ್ಷೇತ್ರದ ಒಂದರಂತೆ ವಿವಿಪ್ಯಾಟ್ ಯಂತ್ರಗಳನ್ನು ತೆರೆದು ಅಲ್ಲಿರುವ ಮುದ್ರಿತ ಪ್ರತಿಗಳನ್ನು ಲೆಕ್ಕ ಹಾಕಿ ಮತಯಂತ್ರದಲ್ಲಿ ಬರುವ ಫಲಿತಾಂಶವನ್ನು ತಾಳೆ ಮಾಡಲಾಗುವುದು.,1,1
ಮತ,ಇವರೂ ಮತ ಪ್ರಮಾಣವನ್ನು ಹೆಚ್ಚಿಸಿಕೊಳ್ಳುವ ಸಾಧ್ಯತೆ ಹೆಚ್ಚಾಗಿದೆ.,1,1
ಮತ,ಅಥಣಿಯಲ್ಲಿ ಆಯ್ಕೆಯಾಗಿರುವ ಕಾಂಗ್ರೆಸ್‌ನ ಮಹೇಶ ಕುಮಠಳ್ಳಿ ಮತ ಗಳಿಕೆ ಅಂತರದಲ್ಲಿ ಕೊನೆ ಸ್ಥಾನ (2331 ಮತ)ದಲ್ಲಿದ್ದಾರೆ.,1,1
ಮತ,ನಿಮ್ಮ ಮತ ಚಲಾಯಿಸಿ ಆಯ್ಕೆ ಮಾಡಿ,1,1
ಮತ,"ಮತೀಯ ಏಕತೆಯ ಸಮಾನ ಭೂಮಿಕೆಯ ಬಗ್ಗೆ ಉಲ್ಲೇಖಿಸುತ್ತಾ, ‘ಯಾವುದೇ ಒಂದು ಮತ ಮೇಲುಗೈ ಸಾಧಿಸುವುದರಿಂದ ಅಥವಾ ಬೇರೊಂದು ಮತವನ್ನು ನಾಶಗೊಳಿಸುವುದರಿಂದ ಇಂತಹ ಏಕತೆ ಬರುತ್ತದೆಂದು ಯಾರಾದರೂ ಭಾವಿಸಿದ್ದರೆ ಅದೊಂದು ನನಸಾಗದ ಹಗಲುಗನಸಾಗುತ್ತದೆ’ ಎಂದೂ ಅವರು ಸ್ಪಷ್ಟವಾಗಿ ಅಭಿಪ್ರಾಯಪಟ್ಟಿದ್ದರು.",1,2
ಮತ,Next: ವಿಧಾನಸಭಾ ಕ್ಷೇತ್ರವಾರು ರ‍್ಯಾಂಡಮೈಜೇಶನ್ ಮೂಲಕ ಮತ ಯಂತ್ರಗಳ ಹಂಚಿಕೆ,1,1
ಮತ,ಚುನಾವಣೆಯಲ್ಲಿ ಕೆಲಸ ಮಾಡದವರಿಗೆ ಹಾಕುವ ಮತ ದಂಡವಾಗದೇ ಅದನ್ನು ನಮಗೆ ತಕ್ಕುದಾದ ವ್ಯಕ್ತಿಗೆ ಹಾಕಿ ಕೆಲಸ ಮಾಡಿಸಿಯೇ ತೀರಬೇಕೆಂಬ ಮನಃಸ್ಥಿತಿಯಲ್ಲಿ ಉದಯವಾಗಿರುವುದು ಕೆಪಿಜೆಪಿ - ಉಪೇಂದ್ರ,1,1
ಮತ,ಮುಖ್ಯಮಂತ್ರಿ ಸಿದ್ದರಾಮಯ್ಯ ನೀಡಿದ ಜನಪರ ಯೋಜನೆಗಳ ಆಧಾರದ ಮೇಲೆ ಮತ ನೀಡುವಂತೆ ಮನವಿ ಮಾಡುತ್ತಿದ್ದೇನೆ.,1,1
ಮತ,ಚುನಾವಣೆಗೆ ಇನ್ನು ಕೆಲವು ದಿನಗಳಿರುವಾಗಲೇ ಮತ ಬೇಟೆ ಬಿರುಸಿನಿಂದ ಸಾಗಿದೆ.,1,1
ಮತ,"ಜನರ ವಿರೋಧಕ್ಕೆ ಕೈ ಮುಗಿದ ಲಾಡ್: ಇಷ್ಟವಿದ್ದರೆ ಮತ ಚಲಾಯಿಸಿ, ಇಲ್ಲವಾದರೆ ಪರವಾಗಿಲ್ಲ..!",1,1
ಮತ,"ಮನೆ-ಮನೆ ಪ್ರಚಾರ ಮಾಡಲ್ಲ, ಮತ ಮಾರಿಕೊಂಡವರು ಎಕ್ಕಡ ಸಮಾನ!",1,1
ಮತ,"ಭದ್ರತಾ ಕೊಠಡಿ, ಮತ ಎಣಿಕೆ ಕೇಂದ್ರಗಳನ್ನು ಸಿದ್ಧಪಡಿಸಿರುವುದು, ಕೌಂಟರ್ ಸ್ಥಾಪನೆ, ಮಾಧ್ಯಮ ಕೇಂದ್ರ ಸ್ಥಾಪನೆ, ಪಾರ್ಕಿಂಗ್ ವ್ಯವಸ್ಥೆ, ದೂರವಾಣಿ ಸಂಪರ್ಕ ಮೊದಲಾದವುಗಳ ಮಾಹಿತಿ ಪಡೆದರು.",1,1
ಮತ,ಮೋದಿಗೆ ಮತ ಹಾಕುವುದೇ ಉಡುಗೊರೆ ಹೀಗೊಂದು ಮದುವೆ ಆಮಂತ್ರಣ!,1,1
ಮತ,ನಂತರ ಎಲ್ಲ ಶಾಸಕರು ಸರತಿಸಾಲಿನಲ್ಲಿ ನಿಂತು ಮತ ಹಾಕಿದರು.,1,1
ಮತ,"ಈ ಮಧ್ಯೆ ಇಂದು ದಿಢೀರ್ ಶಾಸಕಾಂಗ ಪಕ್ಷದ ಸಭೆ ನಡೆಸಿದ ಡಿಎಂಕೆ ನಾಯಕ ಎಂ.ಕೆ.ಸ್ಟಾಲಿನ್ ಅವರು, ತಮ್ಮ ಪಕ್ಷ ಪಳನಿಸ್ವಾಮಿ ನೇತೃತ್ವದ ಸರ್ಕಾರದ ವಿರುದ್ಧ ಮತ ಚಲಾಯಿಸಲಿದೆ ಎಂದು ಹೇಳಿದ್ದಾರೆ.",1,1
ಮತ,"ಹೆಚ್ಚುವರಿ ವಿದ್ಯುನ್ಮಾನ ಮತ ಯಂತ್ರಗಳ ಖರೀದಿಗೆ 4,500 ಕೋಟಿ ರೂ.ಗಳ ಅವಶ್ಕಕತೆ ಇದೆ",1,1
ಮತ,ಹಣ ಮತ್ತಿತರ ಆಮಿಷಕ್ಕೆ ಬಲಿಯಾಗದೇ ಸ್ವತಂತ್ರವಾಗಿ ಮತ ಚಲಾಯಿಸಬೇಕು.,1,1
ಮತ,ಹಿಮಾಚಲ ಪ್ರದೇಶ ರಾಜ್ಯದ 12 ಜಿಲ್ಲೆಗಳ 68 ವಿಧಾನ ಸಛಾ ಕ್ಷೇತ್ರಗಳಿಗಾಗಿ ನಡೆದ ಮತದಾನದಲ್ಲಿ ದಾಖಲೆ ಪ್ರಮಾಣದಲ್ಲಿ ಮತಗಟ್ಟೆಗಳಿಗೆ ತೆರಳಿ ಮತ ಚಲಾಯಿಸಿದರು.,1,1
ಮತ,15ರ ಬೆಳಿಗ್ಗೆ 8ರಿಂದ ಮತ ಎಣಿಕೆ ಆರಂಭಗೊಳ್ಳ,1,1
ಮತ,"೧೯೮೯ರಲ್ಲಿ ನಡೆದ ವಿಧಾನಸಭಾ ಚುನಾವಣೆಯಲ್ಲಿ ಕಾಂಗ್ರೆಸ್‌ನ ವೀರಭದ್ರಯ್ಯ ೩೫,೬೮೪ ಮತ (ಶೇ.೩೭.೮೪) ಪಡೆದು ಆಯ್ಕೆ ಆಗಿದ್ದರು.",1,1
ಮತ,"ತಾಲೂಕಿನ ಬೆಳ್ಳೂರು ಕ್ರಾಸ್‌ ಸಮೀಪ ಖಾಸಗಿ ಹೋಟೆಲ್‌ನಲ್ಲಿ ಬುಧವಾರ ಕಾರ್ಯಕರ್ತರನ್ನು ಭೇಟಿ ಮಾಡಿದ ಬಳಿಕ ಸುದ್ದಿಗಾರರೊಂದಿಗೆ ಮಾತನಾಡಿ,ರಾಜ್ಯಸಭಾ ಚುನಾವಣೆಯಲ್ಲಿ ಮತ ಮಾರಿಕೊಂಡ ಬಂಡಾಯ ಶಾಸಕರು ಈಗಾಗಲೇ ಸಂಕಷ್ಟದ ಸ್ಥಿತಿಯಲ್ಲಿದ್ದಾರೆ.",1,1
ಮತ,ಬೆಂಗಳೂರು: ಗುಂಡ್ಲುಪೇಟೆ ಕ್ಷೇತ್ರದ ಉಪಚುನಾವಣೆ ಪ್ರಚಾರದ ಸಂದರ್ಭದಲ್ಲಿ ಬಿಜೆಪಿ ಅಭ್ಯರ್ಥಿಗೆ ಮತ ಹಾಕುವಂತೆ ತಾಲೂಕಿನ ಭೀಮನಬೀಡು ಗ್ರಾಮದ ಮತದಾರರಿಂದ ಆಣೆ ಪ್ರಮಾಣ ಮಾಡಿಸಿಕೊಂಡಿರುವ ಬಿಜೆಪಿ ರಾಜ್ಯಾಧ್ಯಕ್ಷ ಬಿ.ಎಸ್.,1,1
ಮತ,‘ಚುನಾವಣೆಯಲ್ಲಿ ಮತ ಹಾಕುವುದು ಮತದಾರರ ಖುಷಿ.,1,1
ಮತ,ನಾಳೆ ಮೈಸೂರು ಮಹಾನಗರ ಪಾಲಿಕೆಯ ಮತ ಎಣಿಕೆ ಹಿನ್ನೆಲೆಯಲ್ಲಿ ಗಜಪಡೆ ಸ್ವಾಗತವನ್ನು…,1,1
ಮತ,"ಪುರುಷರೇ ಹೆಚ್ಚು: ಜಿಲ್ಲೆಯಲ್ಲಿ 8,24,774 ಪುರುಷ ಮತದಾರರಿದ್ದು, ಅವರಲ್ಲಿ 6,36,820 ಮಂದಿ ಮತ ಹಾಕಿದ್ದಾರೆ.",1,1
ಮತ,ಕರ್ನಾಟಕ ವಿಧಾನಸಭಾ ಚುನಾವಣೆ ಮತ ಎಣಿಕೆ ಕಾರ್ಯ ಮುಂದುವರೆದಿದೆ.,1,1
ಮತ,‘ಕ್ಷೇತ್ರದ ಅಭಿವೃದ್ಧಿಗಾಗಿ ಜನರು ಮತ ನೀಡಬೇಕು’,1,1
ಮತ,"೧೯೯೪ರಲ್ಲಿ ಚನ್ನಿಗಪ್ಪ ಜನತಾದಳದಿಂದ ೩೫,೬೭೨ (ಶೇ.೩೩.೫೬) ಮತ ಗಳಿಸಿ ಗೆಲುವು ಸಾಧಿಸಿದ್ದರು.",1,1
ಮತ,"ಬಿಜೆಪಿ ಮತ್ತು ಎಂಈಎಸ್‍ನ ಒಡಕಿನ ಲಾಭ ಪಡೆದು ಎರಡು ಭಾರಿ ಗೆಲವು ಸಾಧಿಸಿದ್ದ ಪಿರೋಜ್ ಸೇಠಗೆ 61,793 ಮತ ಪಡೆಯುವಲ್ಲಿ ಮಾತ್ರ ಯಶಸ್ವಿಯಾಗಿದ್ದು ಬಿಜೆಪಿ ಮನಿಸಲು ವಿಫಲರಾಗಿದ್ದಾರೆ.",1,1
ಮತ,ರಫಿ ಈ ಜನಮತದಲ್ಲಿ ೭೦% ರಷ್ಟು ಮತ ಪಡೆದರು.,1,1
ಮತ,"ಅವಳಿ ಜಿಲ್ಲೆಯ ಸ್ಥಳೀಯ ಸಂಸ್ಥೆಗಳಿಂದ ವಿಧಾನ ಪರಿಷತ್ತಿಗೆ ನಡೆದ ಉಪ ಚುನಾವಣೆಯಲ್ಲಿ ಸಹೋದರ ಸುನೀಲಗೌಡ ಬಿ.ಪಾಟೀಲ ಮಂಗಳವಾರ ಗೆಲುವು ಸಾಧಿಸಿದ ಬಳಿಕ, ಮತ ಎಣಿಕೆ ಕೇಂದ್ರಕ್ಕೆ ಭೇಟಿ ನೀಡಿದ ಎಂ.ಬಿ.ಪಾಟೀಲ ಪತ್ರಕರ್ತರೊಂದಿಗೆ ಮಾತನಾಡಿದರು.",1,1
ಮತ,ಮತ ಮತ್ತು ತತ್ತ್ವಶಾಸ್ತ್ರಗಳಲ್ಲಿ[ಬದಲಾಯಿಸಿ],2,2
ಮತ,"ಕಾಂಗ್ರೆಸ್ಗೆ ಕನಕ ಗುರುಪೀಠದ ನಿರಂಜನಾನಂದ ಸ್ವಾಮೀಜಿಗಳ ಬೆಂಬಲವಿದೆ, ಕುರುಬ ಸಮುದಾಯದ ಪ್ರಮುಖ ಮಠಾಧೀಶರಾಗಿರುವ ಸ್ವಾಮೀಜಿ ಇತ್ತೀಚೆಗೆ ಎಐಸಿಸಿ ಅಧ್ಯಕ್ಷ ರಾಹುಲ್ ಗಾಂಧಿ ಅವರನ್ನು ಭೇಟಿ ಮಾಡಿದ್ದರು.ಸಿದ್ದರಾಮಯ್ಯ ಅವರಿಗೆ ತಮ್ಮ ಮತ ನೀಡುವಂತೆ ತಮ್ಮ ಕುರುಬ ಸಮುದಾಯಕ್ಕೆ ಬಹಿರಂಗವಾಗಿ ಆಗ್ರಹಿಸಿದ್ದಾರೆ.",1,1
ಮತ,ನೀನೂ ಮತ ಹಾಕಲು ಹೋಗುತ್ತೀಯಲ್ಲ..??,1,1
ಮತ,"ಎಲ್ಲೆಲ್ಲಿ ಇಂತಹ ಲೋಪವಾಗಿದೆಯೋ ಅಲ್ಲಿ, ನೈಜ ಮತದಾನದ ವೇಳೆ ವಿವಿಪ್ಯಾಟ್‌ಗಳಲ್ಲಿ ಮುದ್ರಿತವಾದ ಸ್ಲಿಪ್‌ಗಳನ್ನು ಬಳಸಿ ಮತ ಎಣಿಕೆ ನಡೆಸುವುದು ಕಡ್ಡಾಯ ಎಂದು ಆಯೋಗ ಸ್ಪಷ್ಟ ಸೂಚನೆ ನೀಡಿದೆ.",1,1
ಮತ,ಬೂತ್ ಅಲ್ಲಿ ಪರ್ಮಿಶನ್ ಕೊಟ್ಟಿದ್ರೆ ನಾನು ಮತ ಹಾಕ್ತ ಇರೋದನ್ನ ಫೋಟೋ ತೆಗಿಸ್ಕೊಂಡು ಬರ್ತಿದ್ದೆ.,1,1
ಮತ,"ಅಂದರೆ, ನಮಗೆ ಇನ್ನು ಬೇಕಾದುದು ಆ ಮತ ಈ ಮತ ಅಲ್ಲ; ಮನುಜಮತ.",2,2
ಮತ,ಪ್ರತಿ ಮತಕ್ಷೇತ್ರದಿಂದ 24 ಮಂದಿಯನ್ನು ಭದ್ರತಾ ಕೊಠಡಿಯಿಂದ ಮತ ಎಣಿಕೆ ಕೇಂದ್ರಕ್ಕೆ ಇವಿಎಂಗಳನ್ನು ಸಾಗಿಸಲು ನಿಯೋಜಿಸಲಾಗಿರುತ್ತದೆ ಎಂದು ಅವರು ವಿವರಿಸಿದರು.,1,1
ಮತ,ನೀರಾವರಿ ಯೋಜನೆಗಳಿಗೆ ಚಾಲನೆ ನೀಡಲು ಜೆಡಿಎಸ್​ಗೆ ಮತ ನೀಡಿ: ಹೆಚ್​ಡಿಕೆ,1,1
ಮತ,"ಯಾರಿಗೆ ಮತ ಹಾಕಬೇಕು ಎಂಬ ಗೊಂದಲ ಮತ್ತು ಪ್ರಶ್ನೆ ಜನರಲ್ಲಿ ಮೂಡಿದೆ ಎನ್ನುವ ಹಿರೇಮಠ, ಭ್ರಷ್ಟರ ಸಂಖ್ಯೆ ಹೆಚ್ಚಿದ್ದರೂ ಎಲ್ಲ ರಾಜಕೀಯ ಪಕ್ಷಗಳಲ್ಲಿ ಶುದ್ಧಹಸ್ತರು ಇದ್ದಾರೆ ಎನ್ನುತ್ತಾರೆ.",1,1
ಮತ,ಹಾಲಿ ಮುಖ್ಯಮಂತ್ರಿ ವೀರಭದ್ರಸಿಂಗ್ ಮತ್ತು ಮಾಜಿ ಮುಖ್ಯಮಂತ್ರಿ ಪ್ರೇಮಕುಮಾರ್ ಧುಮಾಲ್ ಸೇರಿದಂತೆ 337 ಅಭ್ಯರ್ಥಿಗಳ ರಾಜಕೀಯ ಭವಿಷ್ಯ ಮತ ಪೆಟ್ಟಿಗೆ ಸೇರಿವೆ.,1,1
ಮತ,"ಕಾಂಗ್ರೆಸ್‌ ಸಿ ವೀರಭದ್ರಯ್ಯ ೩೨,೮೫೨ ಮತ ಪಡೆದು ಸೋಲನ್ನು ಅನುಭವಿಸಿದ್ದರು.",1,1
ಮತ,ಅದರಂತೆ ಉಪರಾಷ್ಟ್ರಪತಿಯವರಿಗೆ ಮತ ಹಾಕುತ್ತೇವೆ.,1,1
ಮತ,ಜೆಡಿಎಸ್​ಗೆ ಮತ ನೀಡಲು ಕೆ.ಟಿ.ಶ್ರೀಕಂಠೇಗೌಡ ಮನವಿ,1,1
ಮತ,"ಮುಸ್ಲಿಂ ಪ್ರಾಬಲ್ಯವಿರುವ ಹೈದರಾಬಾದಿನ ಸಂಸದರಾಗಿರುವ ಓವೈಸಿ, ಮುಸ್ಲಿಮರು ಮುಸ್ಲಿಮರಿಗಷ್ಟೇ ಮತ ಹಾಕಿ.",1,1
ಮತ,ಯುರೋಪಿಯನ್‌ ಸಂಸತ್ತಿನ ಎಲ್ಲಾ ಸದಸ್ಯರು ಕಾನೂನು ತಿದ್ದುಪಡಿಗೆ ಅವಿರೋಧವಾಗಿ ಮತ ಚಲಾಯಿಸಿದ್ದಾರೆ.ಮೊಬೈಲ್‌ಗೆ ಯಾವ ರೀತಿಯ ಚಾರ್ಜರ್‌ನ್ನು ಅಭಿವೃದ್ಧಿ ಪಡಿಸಬೇಕು ಎಂಬುದನ್ನು ಯುರೋಪಿಯನ್ ಕಮಿಷನ್ ಅಂತಿಮಗೊಳಿಸಲಿದ್ದು ಇದರಂತೆ ಕಂಪೆನಿಗಳು ಚಾರ್ಜರ್‌ ರೂಪಿಸಬೇಕು ಎಂದು ಯುರೋಪಿಯನ್‌ ಸಂಸತ್ತು ತಿಳಿಸಿದೆ.,1,1
ಮತ,ವಿಧಾನಸಭಾ ಚುನಾವಣೆ : ಕ್ಷೇತ್ರಗಳತ್ತ ಹೊರಟ ಮತ ಯಂತ್ರಗಳು » Kannadanet.com,1,1
ಮತ,"ಚುನಾವಣೆಯಿಂದ ಚುನಾವಣೆಗೆ ಬಿಜೆಪಿ ಶೇಕಡಾವಾರು ಮತ ಗಳಿಕೆಯನ್ನು ಹೆಚ್ಚಿಸಿಕೊಳ್ಳುತ್ತಾ ಬಂದು, 2013ರಲ್ಲಿ ‘ಠುಸ್’ ಆಯಿತು.",1,1
ಮತ,ಜನರು ದೈನಂದಿನ ಜೀವನ ನಡೆಸಲು ದುಸ್ಸಾಹಸ ಪಡುತ್ತಿರುವಾಗ ಮತ ಕೇಳಲು ಹೋದರೆ ಮುಖಕ್ಕೆ ಮಂಗಳಾರತಿ ಮಾಡಬಹುದೆಂಬ ಭೀತಿ ಕಾಡುತ್ತಿದೆ.,1,1
ಮತ,ಮುಂದಿನ ವಿಧಾನ ಸಭೆ ಚುನಾವಣೆಯಲ್ಲಿ ಮೇಟಿ ರಾಸಲೀಲೆ ಪ್ರಕರಣದಿಂದ ಜನರ ಮದ್ಯೆ ನಿಂತು ಹೇಗೆ ಮತ ಕೇಳುವುದು ಎಂಬ ಭಾವನೆ ಕಾಂಗ್ರೆಸ್ ನಾಯಕರಲ್ಲಿ ಉಂಟಾಗಿದೆ.,1,1
ಮತ,ಆದರೆ 18% ಮತದಾರರು ತಾವು ಯಾವ ಪಕ್ಷಕ್ಕೆ ಮತ ಚಲಾಯಿಸಿದ್ದೇವೆ ಎಂದು ಹೇಳುವುದಿಲ್ಲ ಎಂದಿದ್ದಾರೆ.,1,2
ಮತ,ಮದುವೆ ಆಹ್ವಾನ ಪತ್ರಿಕೆಯಲ್ಲಿ ನರೇಂದ್ರ ಮೋದಿಗೆ ಮತ ನೀಡುವಂತೆ ಮನವಿ…!,1,2
ಮತ,"ಬೆಂಗಳೂರು,ಜು.17-ರಾಷ್ಟ್ರಪತಿ ಆಯ್ಕೆಗೆ ಇಂದು ನಡೆದ ಚುನಾವಣೆಯಲ್ಲಿ ರಾಜ್ಯದ ಶಾಸಕರು ವಿಧಾನಸೌಧದ ಮೊದಲ ಮಹಡಿಯ ಕೊಠಡಿ ಸಂಖ್ಯೆ 106ರಲ್ಲಿ ಮತ ಚಲಾಯಿಸಿದರು.",1,2
ಮತ,ಮತ ಎಣಿಕೆ ಕೇಂದ್ರದ ಚಿತ್ರಗಳು,1,2
ಮತ,ಕೇವಲ ಪ್ರಧಾನಿ ನರೇಂದ್ರ ಮೋದಿ ಹೆಸರಿನಂದಷ್ಟೇ ಮತ ಬರುವುದಿಲ್ಲ.,1,2
ಮತ,"ತಮ್ಮ ರಾಜಕೀಯದ ನೆಲೆಗಾಗಿ ಹಿಂದೂಗಳನ್ನೇ ಹತ್ಯೆ ಮಾಡಿದ ಹಿಂದುತ್ವವಾದಿಗಳಿಗೆ ಧಿಕ್ಕಾರ, ಮತ ಕೇಳಲು ನಮ್ಮ ಮನೆಗೆ ಬರಬೇಡಿ ಎಂಬ ಪೋಸ್ಟರ್ ಈಗ ಮನೆ ಮನೆಗಳಲ್ಲಿ ರಾರಾಜಿಸುತ್ತಿದೆ.",1,1
ಮತ,ರಾಮಲಿಂಗಾರೆಡ್ಡಿ ಅವರು 20 ದಿನಗಳಿಂದ ಮಗಳ ಪರ ಮತ ಯಾಚನೆಯಲ್ಲಿ ತೊಡಗಿದ್ದಾರೆ.,1,1
ಮುತ್ತು,ಅಪಾರ ಪ್ರಮಾಣದ ಮುತ್ತು ರತ್ನಗಳನ್ನು ಹೊಂದಿದ್ದ ಶ್ರೀಮಂತ ರಾಜ ಮನೆತನಗಳಲ್ಲಿ ಒಂದಾದ ರತ್ನ ಎಂದೇ ಪರಿಗಣಿಸಿದ್ದರು.,2,2
ಮುತ್ತು,ಪ್ರೇಮಿಗಳು ಇಬ್ಬರು ಮುತ್ತು ಬ್ಲೊಂಡೆ,1,1
ಮುತ್ತು,ತಮ್ಮ ಸ್ವಂತ ಮಗಳನ್ನು ಮುದ್ದು ಮಾಡುವುಂತೆ ಅಂಬಿ ಕೊಟ್ಟಿರುವ ಪ್ರೀತಿಯ ಮುತ್ತು ಅದು.,1,1
ಮುತ್ತು,"ನೆಹರೂ ಅವರಿಗೆ ಮುತ್ತು ಕೊಡುವ ಇಮೇಜ್ ಹಾಕಿ, ಸ್ವಾತಂತ್ರ್ಯ ಪಡೆಯಲು ಯತ್ನಿಸುತ್ತಿರುವ ನೆಹರೂ.",1,1
ಮುತ್ತು,ಮುತ್ತು ಕೊಡಲು ನಿರಾಕರಿಸಿದ ಅದಾ ಶರ್ಮಾ ಅವರನ್ನು ಆ ಅಭಿಮಾನಿ ಪ್ರಶ್ನೆ ಮಾಡಿದ್ದಾನೆ.,1,1
ಮುತ್ತು,"ಇದರೊಂದಿಗೆ ಅಂಬರೀಶ್ ಮುತ್ತು ಕೊಟ್ಟ ಹುಡುಗಿಯ ಹಿನ್ನಲೆ ಮತ್ತು ಅಂಬರೀಶ್ ವ್ಯಕ್ತಿತ್ವದ ಬಗ್ಗೆ ಬರೆದುಕೊಂಡಿರುವ ಸುಮಲತಾ, ಮಾಧ್ಯಮಗಳ ಬೇಜವಾಬ್ದಾರಿತನದ ಬಗ್ಗೆ ಬೇಸರ ವ್ಯಕ್ತಪಡಿಸಿದ್ದಾರೆ.",1,1
ಮುತ್ತು,"ತಮ್ಮ ಮನೆಗೆ ಪುನೀತ್ ರಾಜ್ ಕುಮಾರ್ ಭೇಟಿ ನೀಡಿರುವ ಖುಷಿಯಲ್ಲಿ ಯಶ್ ತಾಯಿ ಪುಷ್ಪ, ಅಪ್ಪುಗೆ ಸಿಹಿ ಮುತ್ತು ನೀಡಿದರು.",1,1
ಮುತ್ತು,ನೋಮ್ ಫೆನ್ (Phnom Penh) ಇದು ಕಾಂಬೋಡಿಯಾದ ರಾಜಧಾನಿ.ಫ್ರೆಂಚ್ ಆಳ್ವಿಕೆಯಲ್ಲಿ ಸುಂದರವಾಗಿ ರೂಪಿಸಲ್ಪಟ್ಟ ಈ ನಗರಕ್ಕೆ ಏಷಿಯಾದ ಮುತ್ತು (Pearl of Asia) ಎಂಬ ಹೆಸರೂ ಇದೆ.,2,2
ಮುತ್ತು,ನೀ ಮರೆಯಾದಾಗ ಅದೇ ಕಡಲಲ್ಲಿ ಈ ಮುತ್ತು ಕಳೆದು ಹೋಯಿತು ಎಂದುಕೊಂಡೆ.,2,2
ಮುತ್ತು,"ನೀವಂದುಕೊಂಡಂತೆ ಅಲ್ಲಿ ಬೇರೆಯದೇ ಉದ್ದೇಶ ಇದ್ದಿದ್ದರೆ ಕ್ಯಾಮೆರಾ ಮುಂದೆ, ಮೈಕ್ ಆನ್ ಆಗಿರುವಾಗ ಮುತ್ತು ಕೊಡುತ್ತಿರಲಿಲ್ಲ.",1,1
ಮುತ್ತು,ಚಿನ್ನಾರಿ – ಮುತ್ತು – ಗಡಗಡ – ಕನ್ನಡ,2,2
ಮುತ್ತು,ಮುತ್ತು ನೀಡುವ ವೇಳೆ ಧೂಮಪಾನ ಮಾಡಬೇಡಿ.,1,1
ಮುತ್ತು,"ಹಿರಿಯೂರು ನಗರದ ನಂಜಯ್ಯನಕೊಟ್ಟಿಗೆ ಗ್ರಾಮದ ನಿವಾಸಿಗಳಾದ ಮುತ್ತು (28), ಚರಣ್ (30), ಚಿದಾನಂದ (27) ಮತ್ತು ಮನು (29) ಮೃತಪಟ್ಟ ದುರ್ದೈವಿಗಳು.",2,2
ಮುತ್ತು,ಅವರು ನನ್ನನ್ನು ಬಿಗಿಯಾಗಿ ತಬ್ಬಿಕೊಂಡು ಒಂದು ಮುತ್ತು ಕೊಟ್ಟರು.,1,1
ಮುತ್ತು,ಇದರ ಜೊತೆಯಲ್ಲಿ ಈ ಹೋಟೆಲ್‌ನ ಆಂತರಿಕ ಸಂವಹನಕ್ಕಾಗಿ ವಿಶೇಷ ಹ್ಯಾಶ್‌ ಟ್ಯಾಗ್‌ನ್ನು ಬಳಸುವಂತೆ ನಿಯಮ ರೂಪಿಸಿಲಾಗಿದೆ.ಟ್ವೀಟ್‌ ಮಾಡಿದ ಬಳಿಕ ಫೋಟೋ ಕಳುಹಿಸಿ ಟ್ವೀಟರ್‌ನಲ್ಲಿ ಆ ಫೋಟೋಕ್ಕೆ ಮುತ್ತು ನೀಡುವುದಕ್ಕೆ #SocialWave ಟ್ಯಾಗ್‌ ಬಳಸಿ ಮುತ್ತು ನೀಡಬಹುದಾಗಿದೆ.,1,1
ಮುತ್ತು,ಹಾರ್ಡ್ ಕೋರ್ ಮುತ್ತು ಬೆಡಗಿ,1,1
ಮುತ್ತು,ಮುತ್ತು ಇಬ್ಬರು ಹಾರ್ಡ್ ಕೋರ್,1,1
ಮುತ್ತು,ಸೋನಂ ಕಪೂರ್‌ ಸಹ ಮುತ್ತು ಪ್ರಿಯೆ.,2,1
ಮುತ್ತು,ಎದೆ ತುಂಬಿದ ಮುತ್ತು ಮುದುಕನ ಕಾಮದಾಟ ಚರ್ಭಿಯಿಳಿಸುವುದು,1,1
ಮುತ್ತು,"ಮೊದಲ ಅಪ್ಪುಗೆ, ಮೊದಲ ಮುತ್ತು ನೆನಪಿಸಿಕೊಳ್ಳುತ್ತಿರುವಾಗಲೇ, ಮರಳಿಬಂದಾತನನ್ನು ನೋಡುತ್ತ 5 ವರ್ಷದ ಮಗು ‘ಇವನೇ ನನ್ನಪ್ಪನಾ’ ಅಂತ ಕೇಳುವಾಗ ‘ಮತ್ತೆ ನನ್ನ ಕುಟುಂಬ ಒಂದಾಗ್ತಿದೆಯಲ್ಲ’ ಅಂತ ಆನಂದಿಸೋದೇ ಪ್ರೀತಿ.",1,1
ಮುತ್ತು,ನಿನ್ನ ಕೊರಳಲ್ಲಿನ ಮುತ್ತು ಅದೇ ಇರಬೇಕು!,1,2
ಮುತ್ತು,ತನ್ನ ತಾಯಿಯ ಸ್ಪರ್ಶದ ಆ ಮುತ್ತು !!,1,1
ಮುತ್ತು,ಪ್ರೇಮಿಗಳು ಬೆರಳು ಮುತ್ತು ಹೊರಗೆ,1,1
ಮುತ್ತು,ಆಕೆಯನ್ನು ನಾನು ಅಪ್ಪಿಕೊಂಡು ಮುತ್ತು ನೀಡಲು ಮುಂದಾದೆ.,1,1
ಮುತ್ತು,ಬಾಯಿಯಿಂದ ಜುಂಬು ಕೈಯಲ್ಲಿ ಮಾಡುವುದು ಮುತ್ತು,1,1
ಮುತ್ತು,"ಹೊರಡುವ ಹೊತ್ತಿಗೆ ಬಾಗಿಲ ಮರೆಯಲ್ಲಿ ನಿಂತು ಬರಸೆಳೆದೆ ನೀನು ಕೊಡುವ ಮುತ್ತು, ಅದೇ ನನಗೆ ಸಂಜೆ ಕಾಲೇಜು ಮುಗಿಯುವವರೆಗಿನ ಮುತ್ತು ಬುತ್ತಿ.",1,1
ಮುತ್ತು,ಮರೆಯಾಗದ ಮುತ್ತು – ಡಾ.,2,1
ಮುತ್ತು,ಈ ವೇಳೆ ಇಬ್ಬರು ಯುವತಿಯರು ಬಂದು ರಿಪೋರ್ಟರ್ ಗೆ ಮುತ್ತು ಕೊಟ್ಟಿದ್ದಾರೆ.,1,1
ಮುತ್ತು,"ಇದಕ್ಕೆ ಹೆಚ್ಚು ತಲೆ ಕೆಡಿಸಿಕೊಳ್ಳದ ಎಸ್ಮೆರೆಲ್ಡಾ ವರದಿ ಮುಂದುವರೆಸಿದ್ದು, ಈ ವೇಳೆ ಒಬ್ಬಾತ ಆಕೆಗೆ ಮುತ್ತು ಕೊಟ್ಟಿದ್ದಾನೆ.",1,1
ಮುತ್ತು,:) ಏನೂ ಅರಿಯದ ಹುಡುಗನಿಗೆ ನಿಮಗೆ ಮುತ್ತು ಕೊಡಬೇಕೆಂದು ಏಕೆ ಅನಿಸಿತೊ!!,1,1
ಮುತ್ತು,ಅವಳು ಮತ್ತವಳ ಮುತ್ತು !!,1,1
ಮುತ್ತು,ಮುತ್ತು ಕೊಡುವಳು ತುತ್ತು ಕೊಡುವಳು ಎತ್ತಿ ಮುದ್ದಾಡುವಳು.,1,1
ಮುತ್ತು,"ಮಾತು ಆಡಿದರೆ ಹೋಯಿತು, ಮುತ್ತು ಒಡೆದರೆ ಹೋಯಿತು ಅನ್ನೋದು ನಮ್ಮ ರಾಜಕಾರಣಿಗಳಿಗೆ ಗೊತ್ತೇ ಇಲ್ಲ ಅನ್ಸತ್ತೆ.",2,2
ಮುತ್ತು,ಆಟಿಕೆ ಕಂದು ಕೂದಲಿನ ಸುಂದರಿ ಮುತ್ತು,1,1
ಮುತ್ತು,"‘….ಹುಂ, ನೋಡು ಅಲ್ಲಿ ಹೊಳೆಯಿತ್ತಿರುವ ಮುತ್ತು ನಿಂದಾ, ನಂದಾ, …………..’",2,2
ಮುತ್ತು,"ರಲ್ಲಿ ಬೆಂಗಳೂರಿಂದ ಬನವಾಸಿಗೆ ಮರಳಿದ ನಾನು 3-4 ತಿಂಗಳು ದಿಕ್ಕೇ ತೋಚದವನಾಗಿ ಖಿನ್ನತೆಗೊಳಗಾಗಿದ್ದೆ.ಅಮ್ಮ ಬಂಗಾರಮ್ಮ ನನ್ನ ಸಣಕಲು ದೇಹವನ್ನು,ಆರೋಗ್ಯದ ಏರುಪೇರನ್ನು ನೋಡಿ ಕಂಗಾಲಾದರು.ಅಂಥ ಮಹಾನುಭಾವರ ಸಾನಿಧ್ಯದಲ್ಲಿ ಬೆಳೆದ ನೀನು ಹೀಗೆ ಮಂಕಾಗಿ ಕುಳಿತರೆ ಕಳೆದುಕೊಂಡ ಮುತ್ತು ಮತ್ತೆ ಸಿಗುವುದೇ?",2,2
ಮುತ್ತು,ಲೆಸ್ಬಿಯನ್ ಕಂದು ಕೂದಲಿನ ಸುಂದರಿ ಮೂವರು ಸೇರಿ ಮುತ್ತು,1,1
ಮುತ್ತು,"ಮೊದಲು ಒಂದು ಮೃದುವಾಗಿ ಮುತ್ತು ಕೊಟ್ಟರೆ, ಅದರ ನಂತರ ಒಮ್ಮೆ ದೀರ್ಘವಾದ ಬಿಗಿಯಾದ ಚುಂಬನ ನೀಡಿ.",1,1
ಮುತ್ತು,ಮುತ್ತು ಪೋಣಿಸಿಕೊಳ್ಳುವಾಗ ಹೊತ್ತುಗೊತ್ತಿನ ಪರಿವೆಯೇ ಇರುತ್ತಿರಲಿಲ್ಲ!,2,1
ಮುತ್ತು,"ಇರಲಾರೆನು ನಿನ್ನ ಮುತ್ತು ಬಿಟ್ಟು ಬಿಟ್ಟು,",1,1
ಮುತ್ತು,ನನಿಗೆ ನಿನ್ನ ಪರ್ಫ಼್ಯೂಮ್ ತು೦ಬಾ ಇಷ್ಟ ಎ೦ದು ಅವಳ ಟೀ ಶರ್ಟ್ ಒಳ್ಗಡೆ ಕೈ ಹಾಕಿ ಹೊಟ್ಟೆ ಸವರುತ್ತಾ ಕುತ್ತಿಗೆ ತು೦ಬಾ ಮುತ್ತು ಕೊಟ್ಟ.,1,1
ಮುತ್ತು,ಮಾತು ಆಡಿದರೆ ಹೋಯಿತು ಮುತ್ತು ಒಡೆದರೆ ಹೋಯಿತು ಎನ್ನುವಂತೆ ಮೌನವಾಗಿರಿ.,2,2
ಮುತ್ತು,ಮತ್ತೆ ಕೆಲವರು `ಮಾತಾಡಿದರೆ ಮುತ್ತು ಉದುರುತ್ತದೆಯೋ ಅನ್ನುವಂತೆ ಮೌನಪ್ರಿಯರು.,2,2
ಮುತ್ತು,ಹದಿಹರೆಯದ ಸುಂದರಿ ಕಂದು ಕೂದಲಿನ ಸುಂದರಿ ಮುತ್ತು ಲೆಸ್ಬಿಯನ್,2,1
ಮುತ್ತು,ಎಚ್ ಎಸ್ ಆರ್ ಲೇಔಟ್ ನಲ್ಲಿದ್ದ ದೇವಿಶ್ರೀಯ ಮನೆ ಕಂ ಆಫೀಸ್ ಗೆ ಭವಿಷ್ಯ ಕೇಳಲು ಬಂದಿದ್ದ ಯುವತಿಗೆ ಮುತ್ತು ನೀಡುತ್ತಿದ್ದ ದೃಶ್ಯ ಆತನ ಮನೆಯಲ್ಲಿ ಅಳವಡಿಸಿದ್ದ ಸಿಸಿಟಿವಿಯಲ್ಲಿ ಸೆರೆಯಾಗಿದ್ದು ನಂತರ ಈ ಕಿಸ್ ಸೀನ್ ಗಳು ನ್ಯೂಸ್ ಚಾನಲ್ ಗಳ ಬಾಯಿಗೆ ಆಹಾರವಾಗಿತ್ತು.,1,1
ಮುತ್ತು,ವಿಜಯನಗರ ಸಾಮ್ರಾಜ್ಯದಲ್ಲಿ ಮುತ್ತು ರತ್ನ ಚಿನ್ನ ಬೀದಿಯಲ್ಲಿ ಮಾರುತ್ತಿದ್ದರ೦ತೆ..),2,2
ಮುತ್ತು,ಮುತ್ತು ಗುದ ಸಂಭೋಗ ಹತ್ತಿರದ,1,1
ಮುತ್ತು,ಅಮೃತ ಮುತ್ತು - ನನ್ನ ಕವನ ಸಂಕಲನ: ಓ ನನ್ನ ಜೀವವೇ,2,1
ಮುತ್ತು,"ಮಾತು ಆಡಿದ್ರೆ ಹೋಯ್ತು, ಮುತ್ತು ಒಡೆದ್ರೆ ಹೋಯ್ತು ಎನ್ನುವಂತೆ ಆಕಸ್ಮಿಕವಾಗಿ ಬಿ.ಎಸ್.ವೈ.",2,2
ಮುತ್ತು,ಬಾಯಿಯಿಂದ ಜುಂಬು ಬ್ಯೂಟಿ ಪಾರ್ಲರ್ ಬಿಳಿ ಬೆಡಗಿ ಮುತ್ತು,1,1
ಮುತ್ತು,ತೊಟ್ಟಿನಾಟ ಹದಿಹರೆಯದ ಸುಂದರಿ ಕಂದು ಕೂದಲಿನ ಸುಂದರಿ ಮುತ್ತು,1,2
ಮುತ್ತು,ಆ ಮೂಲಕ ಮೂರನೇ ಬಾರಿಗೆ ಅಮೆರಿಕ ಓಪನ್ ಪ್ರಶಸ್ತಿಗೆ ಜಾಕೋವಿಕ್ ಮುತ್ತು ನೀಡಿದರು.,1,1
ಮುತ್ತು,ಹಾಗಾಗಿ ಮುತ್ತು ನೀಡುವ ವೇಳೆ ಕೆಲವೊಂದು ಸಂಗತಿಗಳನ್ನು ಗಮನದಲ್ಲಿಟ್ಟುಕೊಳ್ಳಬೇಕಾಗುತ್ತದೆ.,1,1
ಮುತ್ತು,ಮನೆಯ ಎಲ್ಲ ಸದಸ್ಯರಿಗೂ ಸೋನು ಮುತ್ತು ನೀಡಿದ್ದಾರೆ.,1,1
ಮುತ್ತು,"ಬ್ರಿಟೀಷರು ಹಾಗೆ ದೋಚಿಕೊಂಡು ಹೋದ ವಜ್ರ, ವೈಡೂರ್ಯ, ಮುತ್ತು ರತ್ನ ಗಳನ್ನು ಇಂಗ್ಲೇಂಡ್ ನ ಲಂಡನ್ ನಗರದ ಹ್ಯಾಟನ್ ಗಾರ್ಡನ್ ಎಂಬ ಸ್ಟ್ರೀಟ್ ನಲ್ಲಿದ್ದ ವ್ಯಾಪಾರಿಗಳಿಗೆ ಮಾರಾಟ ಮಾಡಿಬಿಟ್ಟರು.",2,2
ಮುತ್ತು,ಅಲ್ಲದೆ ಜೆಕೆಗೂ ಮುತ್ತು ಕೊಟ್ಟಿದ್ದೇನೆ.,1,1
ಮುತ್ತು,ಹುಬ್ಬಳ್ಳಿ ಗ್ರಾಮೀಣ ಪೊಲೀಸ್ ಠಾಣಾ ವ್ಯಾಪ್ತಿಯ: ಅಂಚಟಗೇರಿ ಹದ್ದಿಯ ಸುರೇಶ ಪಾಟೀಲ ಅನ್ನುವವರ ಚಿಕ್ಕು ತೋಟದಲ್ಲಿ ಮೃತ ಮುತ್ತು ಗಡಾದ ಸಾ!!,2,1
ಮುತ್ತು,ಒಂದು ಮುತ್ತು ಕೊಡೇ!!,1,1
ಮುತ್ತು,ಕಂದು ಕೆಂಪು ಜಡೆಯ ಮುತ್ತು ಬೆಡಗಿ,1,2
ಮುತ್ತು,ಮುತ್ತು ಕೊಡಲು ಬಂದ ಪತಿಯ ನಾಲಿಗೆ ಕಚ್ಚಿದ್ಲು ಪತ್ನಿ…!,1,1
ಮುತ್ತು,"asia carrera, ನೀಲಿ ತಾರೆ, ಲೆಸ್ಬಿಯನ್, ಮುತ್ತು",1,1
ಮುತ್ತು,ತಕ್ಷಣ ನಾನು ತಮ್ಮದ ಕೆನ್ನೆಗೆ ಮುತ್ತು ಕೊಟ್ಟೆ.,1,1
ಮುತ್ತು,ಹಚ್ಚೆ ಹಾಕಿದ ಶವರ್ ನ ಕೆಳಗೆ ಸುಮ್ಮನೆ ಮುತ್ತು,1,1
ಮುತ್ತು,2006ರಲ್ಲಿ ಮುತ್ತು ಮಾಸ್ತರ್ ಎಂಬವರನ್ನು ಕೊಲೆ ಮಾಡಿದ ಬಗ್ಗೆ ಪ್ರಕರಣ ದಾಖಲಾಗಿರುತ್ತದೆ.,2,2
ಮುತ್ತು,ಅವನ ಹಣೆಗೆ ಒಂದು ಮುತ್ತು ಕೊಟ್ಟೆ.,1,1
ಮುತ್ತು,ನೀವು ಸಿನಿಮಾದಲ್ಲಿ ಮಾತ್ರ ನಟರಿಗೆ ಮುತ್ತು ಕೊಡುತ್ತೀರಾ ಎಂದು ಪ್ರಶ್ನಿಸಿದ್ದಾನೆ.,1,1
ಮುತ್ತು,ನಂತರ ಪ್ರಸಿದ್ಧ ಮುಖ್ಯ ಅತಿಥಿ ಕವಿಗಳಾದ ಶ್ರೀ ಎಚ್ ಎಸ್ ವೆಂಕಟೇಶ್ ಮೂರ್ತಿಗಳು ತಮ್ಮ ಕವನಗಳ ಹಾಗೆ ಮುತ್ತು ಪೋಣಿಸಿದ ಮಾತುಗಳು ಮಣಿಕಾಂತ್ ಅವರ ಸಾಧನೆಗೆ ಮುತ್ತಿನ ಮಣಿಹಾರವನ್ನೇ ತೊಡಿಸಿದರು.,2,2
ಮುತ್ತು,ಇಸ್ಲಾಮಿಕ್ ಆರ್ಟ್ ಮ್ಯೂಸಿಯಂ ಒಂದು ಭಾರತೀಯ ಎದೆಯ ತಾಯಿ ಯಾ ಮುತ್ತು ಹದಿ ವಿವರಗಳು.,2,2
ಮುತ್ತು,ಬ್ರಿಗೇಡ್ ರಸ್ತೆಯಲ್ಲಿ ಹುಡುಗಿಯೊಬ್ಬಳಿಂದ ಹಾರೈಕೆಯ ಮುತ್ತು ತೆಗೆದುಕೊಳ್ಳುವುದು.,1,1
ಮುತ್ತು,ಮೀಸೆ ಇಲ್ಲದ ಗಂಡಸರು ನಿನಗೆ ಮುತ್ತು ಕೊಡಲು ಬಂದರೆ ಬಿಡಬೇಡ..,1,1
ಮುತ್ತು,"ಇತ್ತೀಚೆಗೆ ಇವುಗಳು ಜಪಾನ್‌ನಲ್ಲಿ (ನಿರ್ದಿಷ್ಟವಾಗಿ ಮುತ್ತು , ಕೆ.",1,2
ಮುತ್ತು,ಮುತ್ತು ಕೊಟ್ಟೋಳು ಬಂದಾಗ ತುತ್ತಿಟ್ಟು ರಮಿಸಿದವಳು ನೆನಪಾಗದಿರೋ ಜನಾ ಇರ್ಬಹುದು.,1,1
ಮುತ್ತು,ಮೀಸೆ ಇಲ್ಲದ ಗಂಡಿನ ಮುತ್ತು ಹಾಗೇ ಇರುತ್ತೆ.,1,1
ಮುತ್ತು,ಮುತ್ತು ಕೇಳಿದವನಿಗೆ ಮಹಿಳೆ ಕೊಟ್ಟ ಶಿಕ್ಷೆ ಏನು ಗೊತ್ತಾ?,1,1
ಮುತ್ತು,"ಇದಲ್ಲದೆ ಆ ಹುಡುಗರ ಬಾಯಲ್ಲಿ ಪ್ರೀತಿ, ಪ್ರೇಮ, ಮುತ್ತು ಎಂಬ ಮಾತುಗಳನ್ನೆಲ್ಲಾ ಆಡಿಸಿ ಕಾಮನೆಗಳನ್ನು ಕೆರಳಿಸುವ ಪ್ರಯತ್ನವೂ ನಡೆಯುತ್ತಿದೆ.",1,1
ಮುತ್ತು,ಅಮೃತ ಮುತ್ತು - ನನ್ನ ಕವನ ಸಂಕಲನ: ಸಂಕ್ರಾತಿ ಹಬ್ಬದ ಶುಭಾಷಯಗಳು,1,2
ಮುತ್ತು,ಮುತ್ತು ಹದಿಹರೆಯದ ಸುಂದರಿ ಕಾಲೇಜ್ ಬೆಡಗಿ,1,1
ಮುತ್ತು,ಇಬ್ಬರು ಮುತ್ತು ಹಾಸಿಗೆ ಹಾರ್ಡ್ ಕೋರ್,1,1
ಮುತ್ತು,ತಾಯಿ ಮಗುವಿಗೆ ಪ್ರೀತಿಯಿಂದ ಮುತ್ತು ನೀಡಿದಳು.,1,1
ಮುತ್ತು,ಮದುವೆಯ ನಂತರ ವಧು-ವರರು ಮೊದಲ ಮುತ್ತು ವಿನಿಮಯ ಮಾಡಿಕೊಂಡರು.,1,1
ಮುತ್ತು,ಅಜ್ಜಿ ತನ್ನ ಮೊಮ್ಮಗಳ ಕೆನ್ನೆಗೆ ಮುದ್ದಿನ ಮುತ್ತು ಇಟ್ಟಳು.,1,1
ಮುತ್ತು,ಬೆಳದಿಂಗಳ ರಾತ್ರಿಯಲ್ಲಿ ಪ್ರೇಮಿಗಳು ಮುತ್ತು ಮಳೆಯನ್ನೇ ಸುರಿಸಿದರು.,1,1
ಮುತ್ತು,ಗಾಯದ ಮೇಲೆ ಅಮ್ಮ ಕೊಟ್ಟ ಮುತ್ತು ನೋವನ್ನು ಮರೆಸಿತು.,1,1
ಮುತ್ತು,ವಿದಾಯ ವೇಳೆ ಕೊಟ್ಟ ಮುತ್ತು ಹೃದಯವನ್ನು ಭಾರವಾಗಿಸಿತು.,1,1
ಮುತ್ತು,ಹಣೆಯ ಮೇಲೆ ಮುತ್ತು ಆಶೀರ್ವದಿಸಿದರು ಹಿರಿಯರು.,1,1
ಮುತ್ತು,ಮಳೆಯಲ್ಲಿ ನೆನೆದ ಪ್ರೇಮಿಗಳ ಮುತ್ತು ಕಾವ್ಯದಂತೆ ಮಧುರವಾಗಿತ್ತು.,1,1
ಮುತ್ತು,ಮಗುವಿನ ತುಟಿಗಳ ಮೇಲೆ ಮುತ್ತು ತಂದೆ ಕಣ್ಣೀರು ತಡೆಯಲಾಗಲಿಲ್ಲ.,1,1
ಮುತ್ತು,ಸಂಜೆ ವೇಳೆ ಕಡಲ ತೀರದಲ್ಲಿ ನೀಡಿದ ಮುತ್ತು ಅವಿಸ್ಮರಣೀಯವಾಗಿತ್ತು.,1,1
ಮುತ್ತು,ಮೊದಲ ಮುತ್ತು ನೆನಪು ಇನ್ನೂ ಹೃದಯದಲ್ಲಿ ಹಸಿರಾಗಿದೆ.,1,1
ಮುತ್ತು,ಗಾಯದ ಮೇಲೆ ಮುತ್ತು ಪ್ರೀತಿ ಔಷಧಿಯಾಯಿತು.,1,1
ಮುತ್ತು,ಕನಸಿನಲ್ಲಿ ನೀಡಿದ ಮುತ್ತು ನನಸಾಗಲು ಹಾತೊರೆಯುತ್ತಿದೆ.,1,1
ಮುತ್ತು,ಸೂರ್ಯಾಸ್ತದ ಬೆಳಕಿನಲ್ಲಿ ನೀಡಿದ ಮುತ್ತು ಕಾವ್ಯವಾಯಿತು.,1,1
ಮುತ್ತು,ಕಾಗದದ ಮೇಲೆ ಮುತ್ತು ಪ್ರೇಮ ಪತ್ರ ಕಳುಹಿಸಿದಳು.,1,1
ಮುತ್ತು,ಮೋಡಗಳ ಮರೆಯಲ್ಲಿ ಮುತ್ತು ಮಧುರ ಕ್ಷಣ ಸವಿದರು.,1,1
ಮುತ್ತು,ಸಮುದ್ರದ ತಳದಲ್ಲಿ ಶಿಪ್ಪಿಯೊಳಗೆ ಮುತ್ತು ಹುಟ್ಟುತ್ತದೆ.,2,2
ಮುತ್ತು,ರಾಣಿಯ ಕೊರಳಿನಲ್ಲಿ ಮುತ್ತಿನ ಹಾರ ಹೊಳೆಯುತ್ತಿತ್ತು.,2,2
ಮುತ್ತು,ಮುತ್ತಿನ ವ್ಯಾಪಾರ ಅವರ ಕುಟುಂಬದ ಪರಂಪರೆ.,2,2
ಮುತ್ತು,ಮಳೆಯ ಹನಿಗಳು ಹುಲ್ಲಿನ ಮೇಲೆ ಮುತ್ತಿನಂತೆ ಮಿನುಗುತ್ತಿದ್ದವು.,2,2
ಮುತ್ತು,ಕನ್ಯಾದಾನದ ವೇಳೆ ಮುತ್ತಿನ ಆಭರಣ ಧರಿಸಿದ್ದಳು ವಧು.,2,2
ಮುತ್ತು,ಅರಮನೆಯ ಭಂಡಾರದಲ್ಲಿ ಅಮೂಲ್ಯ ಮುತ್ತುಗಳ ಸಂಗ್ರಹವಿತ್ತು.,2,2
ಮತ,ಮತ ಕ್ಷೇತ್ರಗಳು,1,1
ಗುಂಡಿ,ಹನುಮಾನ್‌ ಗುಂಡಿ,1,1
ಗುಂಡಿ,ಗುಂಡಿ ತಪ್ಪಿಸಲು ಹೋಗಿ ಮೆಟ್ರೋ ಪಿಲ್ಲರ್ ಗೆ ಡಿಕ್ಕಿ ಹೊಡೆದ ಬಸ್,1,1
ಗುಂಡಿ,"ಈ ಯಂತ್ರದಲ್ಲಿ ನೀವು ಗುಂಡಿ ಒತ್ತುವುದರ ಮೂಲಕ ಪೊಂಗಲ್‌ ಅಥವಾ ಕೇಸರಿಬಾತ್‌, ಪುಳಿಯೋಗರೆ, ಬಿಸಿಬೇಳೆ ಬಾತ್‌ನಂತಹ ತಿಂಡಿಗಳನ್ನು ಪಡೆದು ಸವಿಯಬಹುದು!",2,2
ಮಂಡಿ,ಮಂಡಿ ನೋವು ಗುಣವಾಗ್ತಿಲ್ವಾ?,1,1
ಮಂಡಿ,ಮಳೆಗಾಲದಲ್ಲಿ ಅತಿಯಾಗಿ ಕಾಡುವ ಮಂಡಿ ನೋವಿಗೆ ಈ ಪುಟ್ಟ ಕಾಳು ಪರಿಹಾರ,1,1
ಮಂಡಿ,ಮಂಡಿ ಪೇಟೆ ಮೈಸೂರು ಪಲಾವ್ ತಿನ್ನೋಕೆ ಜನ ನೂಕು ನುಗ್ಗುಲು,2,2
